Date,IVZ
2013-01-02,17.784019470214844
2013-01-03,17.81700897216797
2013-01-04,18.1798095703125
2013-01-07,18.12703514099121
2013-01-08,17.96213150024414
2013-01-09,18.05447769165039
2013-01-10,18.1798095703125
2013-01-11,18.298547744750977
2013-01-14,18.034690856933594
2013-01-15,18.160018920898438
2013-01-16,17.96213150024414
2013-01-17,18.12703514099121
2013-01-18,18.245777130126953
2013-01-22,18.397493362426758
2013-01-23,18.199602127075195
2013-01-24,18.31833839416504
2013-01-25,18.601987838745117
2013-01-28,18.46346092224121
2013-01-29,18.687734603881836
2013-01-30,18.654760360717773
2013-01-31,17.97532081604004
2013-02-01,18.31833839416504
2013-02-04,17.995115280151367
2013-02-05,18.199602127075195
2013-02-06,18.140233993530273
2013-02-07,18.034690856933594
2013-02-08,18.014896392822266
2013-02-11,18.094058990478516
2013-02-12,18.27876091003418
2013-02-13,18.225988388061523
2013-02-14,18.324928283691406
2013-02-15,18.047882080078125
2013-02-19,18.3612060546875
2013-02-20,18.029294967651367
2013-02-21,17.458410263061523
2013-02-22,17.65091896057129
2013-02-25,17.212799072265625
2013-02-26,17.02029037475586
2013-02-27,17.551342010498047
2013-02-28,17.783679962158203
2013-03-01,17.81023597717285
2013-03-04,18.22844123840332
2013-03-05,18.387758255004883
2013-03-06,18.440860748291016
2013-03-07,18.547077178955078
2013-03-08,18.65991973876953
2013-03-11,18.75286293029785
2013-03-12,18.666561126708984
2013-03-13,18.8856201171875
2013-03-14,19.137868881225586
2013-03-15,19.337018966674805
2013-03-18,19.190982818603516
2013-03-19,18.819238662719727
2013-03-20,18.985191345214844
2013-03-21,18.766128540039062
2013-03-22,18.845792770385742
2013-03-25,18.799320220947266
2013-03-26,19.078123092651367
2013-03-27,19.01838493347168
2013-03-28,19.224172592163086
2013-04-01,18.832515716552734
2013-04-02,19.137868881225586
2013-04-03,18.67983627319336
2013-04-04,19.044939041137695
2013-04-05,18.832515716552734
2013-04-08,19.091405868530273
2013-04-09,19.17106056213379
2013-04-10,19.83487892150879
2013-04-11,20.03402328491211
2013-04-12,20.00083351135254
2013-04-15,19.2175235748291
2013-04-16,19.589271545410156
2013-04-17,19.038301467895508
2013-04-18,18.799320220947266
2013-04-19,19.177701950073242
2013-04-22,19.383485794067383
2013-04-23,19.708757400512695
2013-04-24,19.702117919921875
2013-04-25,19.715394973754883
2013-04-26,19.615821838378906
2013-04-29,19.722026824951172
2013-04-30,21.069581985473633
2013-05-01,20.870437622070312
2013-05-02,21.10940933227539
2013-05-03,21.547529220581055
2013-05-06,21.62718963623047
2013-05-07,21.64710235595703
2013-05-08,21.90599250793457
2013-05-09,21.886077880859375
2013-05-10,22.642831802368164
2013-05-13,22.596363067626953
2013-05-14,22.888437271118164
2013-05-15,23.11896324157715
2013-05-16,22.91851234436035
2013-05-17,23.112285614013672
2013-05-20,23.11896324157715
2013-05-21,23.012048721313477
2013-05-22,22.74478530883789
2013-05-23,22.410696029663086
2013-05-24,22.424057006835938
2013-05-28,23.045469284057617
2013-05-29,22.83165168762207
2013-05-30,23.145689010620117
2013-05-31,22.544334411621094
2013-06-03,22.357240676879883
2013-06-04,22.25033187866211
2013-06-05,21.769245147705078
2013-06-06,22.143423080444336
2013-06-07,23.012048721313477
2013-06-10,22.891780853271484
2013-06-11,22.46414566040039
2013-06-12,22.156789779663086
2013-06-13,22.72473907470703
2013-06-14,22.397335052490234
2013-06-17,22.951919555664062
2013-06-18,23.07887840270996
2013-06-19,22.72473907470703
2013-06-20,21.916242599487305
2013-06-21,21.922924041748047
2013-06-24,20.913976669311523
2013-06-25,21.047611236572266
2013-06-26,21.328243255615234
2013-06-27,21.722475051879883
2013-06-28,21.248064041137695
2013-07-01,21.21465492248535
2013-07-02,21.040929794311523
2013-07-03,21.014198303222656
2013-07-05,21.328243255615234
2013-07-08,21.334928512573242
2013-07-09,21.41510772705078
2013-07-10,20.940710067749023
2013-07-11,21.428468704223633
2013-07-12,21.21465492248535
2013-07-15,21.468564987182617
2013-07-16,21.341611862182617
2013-07-17,21.261425018310547
2013-07-18,21.729156494140625
2013-07-19,21.709102630615234
2013-07-22,22.04987907409668
2013-07-23,22.03651237487793
2013-07-24,21.84273910522461
2013-07-25,21.916242599487305
2013-07-26,21.949649810791016
2013-07-29,21.535375595092773
2013-07-30,21.54205894470215
2013-07-31,21.508655548095703
2013-08-01,22.07660675048828
2013-08-02,22.116701126098633
2013-08-05,22.130056381225586
2013-08-06,22.056562423706055
2013-08-07,21.829376220703125
2013-08-08,21.782609939575195
2013-08-09,21.76256561279297
2013-08-12,21.582149505615234
2013-08-13,22.130056381225586
2013-08-14,21.96969985961914
2013-08-15,21.4552001953125
2013-08-16,21.408424377441406
2013-08-19,20.99459457397461
2013-08-20,21.169546127319336
2013-08-21,20.920574188232422
2013-08-22,21.263750076293945
2013-08-23,21.24357032775879
2013-08-26,21.014780044555664
2013-08-27,20.402437210083008
2013-08-28,20.516834259033203
2013-08-29,20.765806198120117
2013-08-30,20.429357528686523
2013-09-03,20.584121704101562
2013-09-04,20.853281021118164
2013-09-05,20.69851303100586
2013-09-06,20.489917755126953
2013-09-09,20.745615005493164
2013-09-10,21.108985900878906
2013-09-11,21.014780044555664
2013-09-12,20.893657684326172
2013-09-13,20.90038299560547
2013-09-16,21.27048683166504
2013-09-17,21.310853958129883
2013-09-18,21.90300941467285
2013-09-19,21.956844329833984
2013-09-20,21.956844329833984
2013-09-23,21.855907440185547
2013-09-24,21.667495727539062
2013-09-25,21.573286056518555
2013-09-26,21.687679290771484
2013-09-27,21.593475341796875
2013-09-30,21.465620040893555
2013-10-01,21.680952072143555
2013-10-02,21.77515983581543
2013-10-03,21.559829711914062
2013-10-04,21.78862190246582
2013-10-07,21.47907829284668
2013-10-08,21.19646453857422
2013-10-09,21.640583038330078
2013-10-10,22.824892044067383
2013-10-11,23.114238739013672
2013-10-14,23.31611442565918
2013-10-15,21.81553077697754
2013-10-16,21.580015182495117
2013-10-17,21.842451095581055
2013-10-18,22.05105209350586
2013-10-21,21.889562606811523
2013-10-22,21.869367599487305
2013-10-23,21.842451095581055
2013-10-24,21.970306396484375
2013-10-25,22.118335723876953
2013-10-28,22.0375919342041
2013-10-29,22.44805908203125
2013-10-30,22.145259857177734
2013-10-31,22.71049690246582
2013-11-01,22.771059036254883
2013-11-04,22.44805908203125
2013-11-05,22.145259857177734
2013-11-06,22.24618911743164
2013-11-07,21.781885147094727
2013-11-08,22.42115020751953
2013-11-11,22.58936882019043
2013-11-12,22.347124099731445
2013-11-13,22.39423942565918
2013-11-14,22.925825119018555
2013-11-15,22.922439575195312
2013-11-18,22.83438491821289
2013-11-19,22.75986099243164
2013-11-20,22.6785831451416
2013-11-21,22.88179588317871
2013-11-22,22.963085174560547
2013-11-25,23.20693588256836
2013-11-26,23.3830623626709
2013-11-27,23.728517532348633
2013-11-29,23.606590270996094
2013-12-02,23.803030014038086
2013-12-03,23.701425552368164
2013-12-04,23.65400505065918
2013-12-05,23.29498863220215
2013-12-06,24.0197811126709
2013-12-09,24.16203498840332
2013-12-10,23.965606689453125
2013-12-11,23.464345932006836
2013-12-12,23.29498863220215
2013-12-13,23.423702239990234
2013-12-16,23.755617141723633
2013-12-17,23.34918212890625
2013-12-18,23.952054977416992
2013-12-19,23.87753677368164
2013-12-20,24.27042579650879
2013-12-23,24.554916381835938
2013-12-24,24.676843643188477
2013-12-26,24.75813102722168
2013-12-27,24.717493057250977
2013-12-30,24.622657775878906
2013-12-31,24.656524658203125
2014-01-02,24.297513961791992
2014-01-03,24.46686363220215
2014-01-06,24.636211395263672
2014-01-07,24.852968215942383
2014-01-08,24.744583129882812
2014-01-09,24.412670135498047
2014-01-10,24.28396987915039
2014-01-13,23.742067337036133
2014-01-14,23.857219696044922
2014-01-15,24.0197811126709
2014-01-16,23.84367561340332
2014-01-17,23.714969635009766
2014-01-21,23.73528289794922
2014-01-22,24.28396987915039
2014-01-23,23.701425552368164
2014-01-24,22.6785831451416
2014-01-27,22.407634735107422
2014-01-28,22.64471435546875
2014-01-29,22.387311935424805
2014-01-30,22.6921329498291
2014-01-31,22.52278709411621
2014-02-03,21.601552963256836
2014-02-04,21.987661361694336
2014-02-05,21.5202693939209
2014-02-06,22.184099197387695
2014-02-07,22.272157669067383
2014-02-10,23.09855842590332
2014-02-11,23.267900466918945
2014-02-12,23.267900466918945
2014-02-13,23.389829635620117
2014-02-14,23.274677276611328
2014-02-18,23.2780818939209
2014-02-19,23.05990219116211
2014-02-20,22.971254348754883
2014-02-21,22.868982315063477
2014-02-24,23.066715240478516
2014-02-25,22.73261260986328
2014-02-26,22.575790405273438
2014-02-27,23.264442443847656
2014-02-28,23.387178421020508
2014-03-03,22.739429473876953
2014-03-04,23.489456176757812
2014-03-05,23.4689998626709
2014-03-06,23.441730499267578
2014-03-07,23.53717803955078
2014-03-10,23.769006729125977
2014-03-11,23.69400978088379
2014-03-12,24.259933471679688
2014-03-13,23.73491668701172
2014-03-14,23.54400634765625
2014-03-17,23.796281814575195
2014-03-18,23.92583465576172
2014-03-19,23.809921264648438
2014-03-20,24.716768264770508
2014-03-21,24.64858627319336
2014-03-24,24.675853729248047
2014-03-25,24.709959030151367
2014-03-26,24.737226486206055
2014-03-27,24.63494300842285
2014-03-28,24.8463191986084
2014-03-31,25.228160858154297
2014-04-01,25.54180145263672
2014-04-02,25.691801071166992
2014-04-03,24.9895076751709
2014-04-04,24.307666778564453
2014-04-07,23.6121883392334
2014-04-08,23.953105926513672
2014-04-09,24.239479064941406
2014-04-10,23.673555374145508
2014-04-11,23.243993759155273
2014-04-14,23.462182998657227
2014-04-15,23.6121883392334
2014-04-16,23.987197875976562
2014-04-17,24.014474868774414
2014-04-21,24.09630012512207
2014-04-22,24.348567962646484
2014-04-23,24.389484405517578
2014-04-24,24.12356948852539
2014-04-25,23.782649993896484
2014-04-28,23.72127914428711
2014-04-29,24.014474868774414
2014-04-30,24.007659912109375
2014-05-01,24.559940338134766
2014-05-02,24.519033432006836
2014-05-05,24.39630889892578
2014-05-06,24.04174041748047
2014-05-07,24.35540008544922
2014-05-08,24.219026565551758
2014-05-09,24.444034576416016
2014-05-12,24.662220001220703
2014-05-13,24.573591232299805
2014-05-14,24.429393768310547
2014-05-15,23.770259857177734
2014-05-16,23.81831932067871
2014-05-19,24.11355209350586
2014-05-20,23.98996353149414
2014-05-21,24.237140655517578
2014-05-22,24.319536209106445
2014-05-23,24.49118995666504
2014-05-27,24.752099990844727
2014-05-28,24.67656707763672
2014-05-29,25.150333404541016
2014-05-30,25.198396682739258
2014-06-02,25.27392578125
2014-06-03,25.45931053161621
2014-06-04,25.589765548706055
2014-06-05,25.857534408569336
2014-06-06,26.214567184448242
2014-06-09,26.22830581665039
2014-06-10,26.07038688659668
2014-06-11,26.00171661376953
2014-06-12,25.871265411376953
2014-06-13,25.569164276123047
2014-06-16,25.452434539794922
2014-06-17,25.644689559936523
2014-06-18,25.617218017578125
2014-06-19,25.541696548461914
2014-06-20,25.569164276123047
2014-06-23,25.782007217407227
2014-06-24,25.45931053161621
2014-06-25,25.740806579589844
2014-06-26,25.624086380004883
2014-06-27,25.912466049194336
2014-06-30,25.919336318969727
2014-07-01,26.331287384033203
2014-07-02,26.235166549682617
2014-07-03,26.544139862060547
2014-07-07,26.57160758972168
2014-07-08,26.15277862548828
2014-07-09,26.338165283203125
2014-07-10,25.912466049194336
2014-07-11,26.063514709472656
2014-07-14,26.15964126586914
2014-07-15,26.145904541015625
2014-07-16,26.2489013671875
2014-07-17,25.836944580078125
2014-07-18,26.125307083129883
2014-07-21,26.15277862548828
2014-07-22,26.592193603515625
2014-07-23,26.509803771972656
2014-07-24,26.468608856201172
2014-07-25,26.372488021850586
2014-07-28,26.38620948791504
2014-07-29,26.2214298248291
2014-07-30,26.35188102722168
2014-07-31,25.836944580078125
2014-08-01,25.967390060424805
2014-08-04,26.276363372802734
2014-08-05,25.775146484375
2014-08-06,26.132183074951172
2014-08-07,25.96052360534668
2014-08-08,25.987993240356445
2014-08-11,26.34503173828125
2014-08-12,26.5853328704834
2014-08-13,26.65399742126465
2014-08-14,26.956104278564453
2014-08-15,26.722658157348633
2014-08-18,27.11402130126953
2014-08-19,27.335132598876953
2014-08-20,27.701358795166016
2014-08-21,27.901737213134766
2014-08-22,27.639163970947266
2014-08-25,28.060665130615234
2014-08-26,28.378517150878906
2014-08-27,28.178129196166992
2014-08-28,28.039932250976562
2014-08-29,28.219585418701172
2014-09-02,28.302499771118164
2014-09-03,28.136676788330078
2014-09-04,28.08831024169922
2014-09-05,28.309417724609375
2014-09-08,28.302499771118164
2014-09-09,27.867189407348633
2014-09-10,27.963926315307617
2014-09-11,28.14357566833496
2014-09-12,28.191946029663086
2014-09-15,27.92246437072754
2014-09-16,28.060665130615234
2014-09-17,28.22649574279785
2014-09-18,28.502891540527344
2014-09-19,28.3232364654541
2014-09-22,28.07447624206543
2014-09-23,27.825735092163086
2014-09-24,28.00537872314453
2014-09-25,27.397327423095703
2014-09-26,27.777355194091797
2014-09-29,27.36277961730957
2014-09-30,27.27985382080078
2014-10-01,26.83071517944336
2014-10-02,26.948183059692383
2014-10-03,27.383508682250977
2014-10-06,27.342042922973633
2014-10-07,26.644161224365234
2014-10-08,26.87908935546875
2014-10-09,25.960081100463867
2014-10-10,25.56623649597168
2014-10-13,24.916706085205078
2014-10-14,24.688690185546875
2014-10-15,24.57121467590332
2014-10-16,24.771602630615234
2014-10-17,25.352027893066406
2014-10-20,25.358936309814453
2014-10-21,26.105192184448242
2014-10-22,25.649145126342773
2014-10-23,26.1190128326416
2014-10-24,26.298673629760742
2014-10-27,26.215757369995117
2014-10-28,27.01728057861328
2014-10-29,26.837631225585938
2014-10-30,27.418048858642578
2014-10-31,27.963926315307617
2014-11-03,27.756635665893555
2014-11-04,27.742816925048828
2014-11-05,27.936283111572266
2014-11-06,28.295589447021484
2014-11-07,28.52362060546875
2014-11-10,28.447608947753906
2014-11-11,28.36469078063965
2014-11-12,28.2334041595459
2014-11-13,28.115943908691406
2014-11-14,27.914325714111328
2014-11-17,27.677934646606445
2014-11-18,27.670978546142578
2014-11-19,27.434593200683594
2014-11-20,27.740503311157227
2014-11-21,27.99079132080078
2014-11-24,28.13680648803711
2014-11-25,28.10898780822754
2014-11-26,28.129846572875977
2014-11-28,28.060317993164062
2014-12-01,28.01165008544922
2014-12-02,28.157644271850586
2014-12-03,28.115943908691406
2014-12-04,28.129846572875977
2014-12-05,28.60957908630371
2014-12-08,28.5469913482666
2014-12-09,28.56785011291504
2014-12-10,27.99079132080078
2014-12-11,27.823930740356445
2014-12-12,26.808870315551758
2014-12-15,26.82277488708496
2014-12-16,26.537721633911133
2014-12-17,27.28164291381836
2014-12-18,28.129846572875977
2014-12-19,27.928226470947266
2014-12-22,27.98383903503418
2014-12-23,28.178510665893555
2014-12-24,28.06726837158203
2014-12-26,28.032516479492188
2014-12-29,28.053363800048828
2014-12-30,27.782217025756836
2014-12-31,27.476314544677734
2015-01-02,27.21211051940918
2015-01-05,26.41953468322754
2015-01-06,25.87027931213379
2015-01-07,26.210952758789062
2015-01-08,26.669818878173828
2015-01-09,26.176191329956055
2015-01-12,26.023237228393555
2015-01-13,25.953710556030273
2015-01-14,25.411415100097656
2015-01-15,24.980365753173828
2015-01-16,25.265413284301758
2015-01-20,25.01512336730957
2015-01-21,25.24455451965332
2015-01-22,25.946758270263672
2015-01-23,25.74514389038086
2015-01-26,26.002376556396484
2015-01-27,25.81465721130371
2015-01-28,25.265413284301758
2015-01-29,26.259624481201172
2015-01-30,25.53656005859375
2015-02-02,26.01628303527832
2015-02-03,26.88534927368164
2015-02-04,26.739343643188477
2015-02-05,27.066112518310547
2015-02-06,27.010494232177734
2015-02-09,26.940969467163086
2015-02-10,27.372018814086914
2015-02-11,27.372018814086914
2015-02-12,27.518028259277344
2015-02-13,27.476314544677734
2015-02-17,27.644235610961914
2015-02-18,27.41333770751953
2015-02-19,27.41333770751953
2015-02-20,28.00806427001953
2015-02-23,27.805158615112305
2015-02-24,28.127004623413086
2015-02-25,28.120018005371094
2015-02-26,28.217973709106445
2015-02-27,28.175981521606445
2015-03-02,28.30891990661621
2015-03-03,28.175981521606445
2015-03-04,28.224964141845703
2015-03-05,28.413875579833984
2015-03-06,28.085033416748047
2015-03-09,28.266948699951172
2015-03-10,27.60224723815918
2015-03-11,27.840145111083984
2015-03-12,28.399877548217773
2015-03-13,28.245956420898438
2015-03-16,28.945632934570312
2015-03-17,28.707735061645508
2015-03-18,29.232500076293945
2015-03-19,28.749723434448242
2015-03-20,29.281478881835938
2015-03-23,28.95262908935547
2015-03-24,28.637771606445312
2015-03-25,28.04304313659668
2015-03-26,27.924104690551758
2015-03-27,27.7631778717041
2015-03-30,27.987075805664062
2015-03-31,27.770172119140625
2015-04-01,27.833147048950195
2015-04-02,27.89611053466797
2015-04-06,28.085033416748047
2015-04-07,27.81914710998535
2015-04-08,28.015056610107422
2015-04-09,28.127004623413086
2015-04-10,27.987075805664062
2015-04-13,28.175981521606445
2015-04-14,28.196971893310547
2015-04-15,28.38589096069336
2015-04-16,28.336910247802734
2015-04-17,27.903108596801758
2015-04-20,28.2039737701416
2015-04-21,28.029056549072266
2015-04-22,28.259944915771484
2015-04-23,28.553813934326172
2015-04-24,28.560806274414062
2015-04-27,28.350906372070312
2015-04-28,28.763713836669922
2015-04-29,28.50483512878418
2015-04-30,28.980613708496094
2015-05-01,29.113554000854492
2015-05-04,29.1975154876709
2015-05-05,28.763713836669922
2015-05-06,28.4908447265625
2015-05-07,28.693742752075195
2015-05-08,28.98761749267578
2015-05-11,28.88266372680664
2015-05-12,28.560806274414062
2015-05-13,28.384721755981445
2015-05-14,28.870716094970703
2015-05-15,28.55376625061035
2015-05-18,28.652366638183594
2015-05-19,28.434024810791016
2015-05-20,28.81437110900879
2015-05-21,28.610111236572266
2015-05-22,28.539682388305664
2015-05-26,28.166379928588867
2015-05-27,28.448116302490234
2015-05-28,28.412891387939453
2015-05-29,28.053688049316406
2015-06-01,28.08185577392578
2015-06-02,28.074825286865234
2015-06-03,28.053688049316406
2015-06-04,27.595869064331055
2015-06-05,27.609956741333008
2015-06-08,27.701520919799805
2015-06-09,27.46908950805664
2015-06-10,27.553606033325195
2015-06-11,27.7226505279541
2015-06-12,27.80012321472168
2015-06-15,27.76490592956543
2015-06-16,27.84943199157715
2015-06-17,27.631084442138672
2015-06-18,27.82124137878418
2015-06-19,27.398658752441406
2015-06-22,27.41978645324707
2015-06-23,27.574737548828125
2015-06-24,27.363439559936523
2015-06-25,27.145097732543945
2015-06-26,27.159177780151367
2015-06-29,26.342147827148438
2015-06-30,26.40553855895996
2015-07-01,26.630931854248047
2015-07-02,26.497106552124023
2015-07-06,26.243541717529297
2015-07-07,26.166072845458984
2015-07-08,25.51104164123535
2015-07-09,25.673038482666016
2015-07-10,26.011117935180664
2015-07-13,26.40553855895996
2015-07-14,26.764753341674805
2015-07-15,26.729534149169922
2015-07-16,27.18735694885254
2015-07-17,27.10987091064453
2015-07-20,27.004226684570312
2015-07-21,27.060577392578125
2015-07-22,27.116918563842773
2015-07-23,26.764753341674805
2015-07-24,26.39849281311035
2015-07-27,26.01814842224121
2015-07-28,26.250581741333008
2015-07-29,26.560501098632812
2015-07-30,27.4620418548584
2015-07-31,27.18735694885254
2015-08-03,27.15214729309082
2015-08-04,27.05352210998535
2015-08-05,27.278919219970703
2015-08-06,27.18735694885254
2015-08-07,26.91265869140625
2015-08-10,27.377525329589844
2015-08-11,26.997188568115234
2015-08-12,26.65205955505371
2015-08-13,26.384408950805664
2015-08-14,26.41962432861328
2015-08-17,26.525279998779297
2015-08-18,26.404678344726562
2015-08-19,26.00739860534668
2015-08-20,25.46114730834961
2015-08-21,24.545989990234375
2015-08-24,23.325788497924805
2015-08-25,22.72987174987793
2015-08-26,23.54570770263672
2015-08-27,24.517610549926758
2015-08-28,24.553083419799805
2015-08-31,24.198375701904297
2015-09-01,23.347068786621094
2015-09-02,23.382543563842773
2015-09-03,23.33997344970703
2015-09-04,22.666025161743164
2015-09-08,23.354164123535156
2015-09-09,23.077489852905273
2015-09-10,23.22647476196289
2015-09-11,23.325788497924805
2015-09-14,23.169715881347656
2015-09-15,23.59536361694336
2015-09-16,23.914609909057617
2015-09-17,23.74434471130371
2015-09-18,23.049114227294922
2015-09-21,23.30450439453125
2015-09-22,22.75824737548828
2015-09-23,22.623455047607422
2015-09-24,22.666025161743164
2015-09-25,22.715681076049805
2015-09-28,21.935317993164062
2015-09-29,21.864377975463867
2015-09-30,22.155235290527344
2015-10-01,22.332595825195312
2015-10-02,22.382261276245117
2015-10-05,23.05620765686035
2015-10-06,23.05620765686035
2015-10-07,23.410913467407227
2015-10-08,23.51023292541504
2015-10-09,23.325788497924805
2015-10-12,23.148433685302734
2015-10-13,22.31840705871582
2015-10-14,22.07720375061035
2015-10-15,22.70149803161621
2015-10-16,22.985267639160156
2015-10-19,22.52413558959961
2015-10-20,22.630552291870117
2015-10-21,22.31840705871582
2015-10-22,23.396726608276367
2015-10-23,24.049396514892578
2015-10-26,23.914609909057617
2015-10-27,23.60246467590332
2015-10-28,24.368637084960938
2015-10-29,23.758535385131836
2015-10-30,23.531524658203125
2015-11-02,23.73725128173828
2015-11-03,23.886226654052734
2015-11-04,23.794004440307617
2015-11-05,24.042301177978516
2015-11-06,24.191282272338867
2015-11-09,23.72306251525879
2015-11-10,23.38963508605957
2015-11-11,23.630842208862305
2015-11-12,23.042020797729492
2015-11-13,22.691486358642578
2015-11-16,23.02055549621582
2015-11-17,23.00625228881836
2015-11-18,23.650081634521484
2015-11-19,23.743080139160156
2015-11-20,23.750232696533203
2015-11-23,23.664386749267578
2015-11-24,23.743080139160156
2015-11-25,24.029226303100586
2015-11-27,24.036380767822266
2015-11-30,24.10076141357422
2015-12-01,24.250995635986328
2015-12-02,24.043533325195312
2015-12-03,23.72877311706543
2015-12-04,24.20091438293457
2015-12-07,24.00776481628418
2015-12-08,23.499853134155273
2015-12-09,23.156478881835938
2015-12-10,23.45693016052246
2015-12-11,22.47688102722168
2015-12-14,21.740049362182617
2015-12-15,22.419647216796875
2015-12-16,22.82025718688965
2015-12-17,22.31234359741211
2015-12-18,21.99042320251465
2015-12-21,22.64141273498535
2015-12-22,22.69864273071289
2015-12-23,23.693004608154297
2015-12-24,23.5499267578125
2015-12-28,23.57854461669922
2015-12-29,24.01491928100586
2015-12-30,23.87900161743164
2015-12-31,23.950532913208008
2016-01-04,23.743080139160156
2016-01-05,23.678688049316406
2016-01-06,23.27093505859375
2016-01-07,22.541257858276367
2016-01-08,21.55405044555664
2016-01-11,21.41097640991211
2016-01-12,21.317977905273438
2016-01-13,20.81007194519043
2016-01-14,21.196369171142578
2016-01-15,20.573999404907227
2016-01-19,20.616918563842773
2016-01-20,20.180543899536133
2016-01-21,20.337923049926758
2016-01-22,21.08906364440918
2016-01-25,20.49530601501465
2016-01-26,20.874448776245117
2016-01-27,20.731374740600586
2016-01-28,20.423768997192383
2016-01-29,21.41097640991211
2016-02-01,20.831531524658203
2016-02-02,19.88009262084961
2016-02-03,19.722707748413086
2016-02-04,20.001699447631836
2016-02-05,19.37217903137207
2016-02-08,18.442201614379883
2016-02-09,18.349197387695312
2016-02-10,18.82134437561035
2016-02-11,18.156047821044922
2016-02-12,18.957265853881836
2016-02-16,19.296947479248047
2016-02-17,19.838998794555664
2016-02-18,19.542680740356445
2016-02-19,19.00786018371582
2016-02-22,19.643861770629883
2016-02-23,19.036767959594727
2016-02-24,18.913904190063477
2016-02-25,19.427034378051758
2016-02-26,19.586042404174805
2016-02-29,19.325855255126953
2016-03-01,20.149768829345703
2016-03-02,20.3955020904541
2016-03-03,20.67013931274414
2016-03-04,21.024280548095703
2016-03-07,20.966459274291992
2016-03-08,20.381044387817383
2016-03-09,20.37381935119629
2016-03-10,20.474998474121094
2016-03-11,21.681964874267578
2016-03-14,21.653053283691406
2016-03-15,21.392871856689453
2016-03-16,21.77591896057129
2016-03-17,22.34687614440918
2016-03-18,22.411922454833984
2016-03-21,22.383014678955078
2016-03-22,22.274608612060547
2016-03-23,21.971057891845703
2016-03-24,21.92046546936035
2016-03-28,22.03610610961914
2016-03-29,22.310741424560547
2016-03-30,22.592605590820312
2016-03-31,22.23847007751465
2016-04-01,22.67934226989746
2016-04-04,22.46974754333496
2016-04-05,22.180646896362305
2016-04-06,22.23124122619629
2016-04-07,21.392871856689453
2016-04-08,21.392871856689453
2016-04-11,21.407329559326172
2016-04-12,21.739778518676758
2016-04-13,22.563697814941406
2016-04-14,22.628742218017578
2016-04-15,22.578149795532227
2016-04-18,22.787744522094727
2016-04-19,22.975656509399414
2016-04-20,23.402067184448242
2016-04-21,23.351478576660156
2016-04-22,23.387615203857422
2016-04-25,22.997339248657227
2016-04-26,23.438199996948242
2016-04-27,23.655019760131836
2016-04-28,22.758834838867188
2016-04-29,22.411922454833984
2016-05-02,22.448060989379883
2016-05-03,21.77591896057129
2016-05-04,21.479597091674805
2016-05-05,21.298917770385742
2016-05-06,21.436235427856445
2016-05-09,21.34951400756836
2016-05-10,21.67473793029785
2016-05-11,21.193239212036133
2016-05-12,21.200532913208008
2016-05-13,20.704444885253906
2016-05-16,20.755512237548828
2016-05-17,20.726329803466797
2016-05-18,21.14946746826172
2016-05-19,21.003559112548828
2016-05-20,21.550718307495117
2016-05-23,21.79146385192871
2016-05-24,22.418874740600586
2016-05-25,22.885780334472656
2016-05-26,22.688800811767578
2016-05-27,22.94414710998535
2016-05-31,22.907665252685547
2016-06-01,22.842008590698242
2016-06-02,22.4918270111084
2016-06-03,22.18541717529297
2016-06-06,22.331327438354492
2016-06-07,21.776880264282227
2016-06-08,21.587194442749023
2016-06-09,21.20783042907715
2016-06-10,20.733631134033203
2016-06-13,20.390745162963867
2016-06-14,19.989490509033203
2016-06-15,19.989490509033203
2016-06-16,20.06974220275879
2016-06-17,20.230241775512695
2016-06-20,20.886831283569336
2016-06-21,20.90142059326172
2016-06-22,20.988967895507812
2016-06-23,21.609079360961914
2016-06-24,18.654430389404297
2016-06-27,16.896224975585938
2016-06-28,17.50174903869629
2016-06-29,18.1291561126709
2016-06-30,18.632543563842773
2016-07-01,18.47933578491211
2016-07-05,18.070791244506836
2016-07-06,18.231300354003906
2016-07-07,18.355314254760742
2016-07-08,18.698196411132812
2016-07-11,18.83681869506836
2016-07-12,19.595539093017578
2016-07-13,19.464221954345703
2016-07-14,19.814401626586914
2016-07-15,20.00408172607422
2016-07-18,20.19376564025879
2016-07-19,20.13540267944336
2016-07-20,20.434511184692383
2016-07-21,20.50746726989746
2016-07-22,20.755512237548828
2016-07-25,20.726329803466797
2016-07-26,20.697145462036133
2016-07-27,20.87224006652832
2016-07-28,21.098398208618164
2016-07-29,21.28807830810547
2016-08-01,21.185945510864258
2016-08-02,20.624197006225586
2016-08-03,21.171350479125977
2016-08-04,21.098398208618164
2016-08-05,21.558012008666992
2016-08-08,21.66744613647461
2016-08-09,21.506938934326172
2016-08-10,21.441280364990234
2016-08-11,21.66744613647461
2016-08-12,21.711217880249023
2016-08-15,21.83523941040039
2016-08-16,21.894155502319336
2016-08-17,22.056171417236328
2016-08-18,22.21817970275879
2016-08-19,22.30655860900879
2016-08-22,22.2991886138916
2016-08-23,22.53485107421875
2016-08-24,22.593765258789062
2016-08-25,22.63794708251953
2016-08-26,22.741056442260742
2016-08-29,22.799968719482422
2016-08-30,22.969345092773438
2016-08-31,22.969345092773438
2016-09-01,22.90306282043457
2016-09-02,23.18290901184082
2016-09-06,23.072446823120117
2016-09-07,23.175546646118164
2016-09-08,23.19027328491211
2016-09-09,22.667404174804688
2016-09-12,23.27865219116211
2016-09-13,22.468568801879883
2016-09-14,22.328645706176758
2016-09-15,22.60849380493164
2016-09-16,22.225547790527344
2016-09-19,22.313922882080078
2016-09-20,22.44647789001465
2016-09-21,22.71159553527832
2016-09-22,22.90306282043457
2016-09-23,22.490659713745117
2016-09-26,22.2991886138916
2016-09-27,22.615856170654297
2016-09-28,22.81468963623047
2016-09-29,22.417020797729492
2016-09-30,23.028263092041016
2016-10-03,23.168184280395508
2016-10-04,23.116628646850586
2016-10-05,23.54376792907715
2016-10-06,23.440658569335938
2016-10-07,22.925153732299805
2016-10-10,23.013534545898438
2016-10-11,22.490659713745117
2016-10-12,22.6821346282959
2016-10-13,22.32128143310547
2016-10-14,22.026710510253906
2016-10-17,21.776323318481445
2016-10-18,21.791053771972656
2016-10-19,21.908884048461914
2016-10-20,21.960432052612305
2016-10-21,21.967790603637695
2016-10-24,22.16663360595703
2016-10-25,21.78369140625
2016-10-26,21.87206268310547
2016-10-27,21.42283821105957
2016-10-28,21.017797470092773
2016-10-31,20.6864013671875
2016-11-01,20.649580001831055
2016-11-02,20.377098083496094
2016-11-03,20.509660720825195
2016-11-04,20.51702117919922
2016-11-07,20.973613739013672
2016-11-08,20.914697647094727
2016-11-09,22.159269332885742
2016-11-10,23.043851852416992
2016-11-11,23.19252586364746
2016-11-14,23.764907836914062
2016-11-15,24.017648696899414
2016-11-16,23.623668670654297
2016-11-17,23.712871551513672
2016-11-18,23.430397033691406
2016-11-21,23.623668670654297
2016-11-22,23.586503982543945
2016-11-23,23.54189682006836
2016-11-25,23.534465789794922
2016-11-28,23.214824676513672
2016-11-29,22.999258041381836
2016-11-30,23.274293899536133
2016-12-01,23.504732131958008
2016-12-02,23.356061935424805
2016-12-05,23.57906723022461
2016-12-06,23.965614318847656
2016-12-07,24.32984733581543
2016-12-08,24.649494171142578
2016-12-09,24.37445640563965
2016-12-12,24.017648696899414
2016-12-13,23.593935012817383
2016-12-14,23.430397033691406
2016-12-15,23.527029037475586
2016-12-16,23.3411922454834
2016-12-19,23.3411922454834
2016-12-20,23.66083335876465
2016-12-21,23.370927810668945
2016-12-22,23.081016540527344
2016-12-23,22.939790725708008
2016-12-27,23.16278648376465
2016-12-28,22.56067657470703
2016-12-29,22.37484359741211
2016-12-30,22.55324363708496
2017-01-03,22.991819381713867
2017-01-04,23.616239547729492
2017-01-05,23.430397033691406
2017-01-06,23.43783187866211
2017-01-09,22.93235206604004
2017-01-10,22.798553466796875
2017-01-11,23.12562370300293
2017-01-12,23.081016540527344
2017-01-13,23.118186950683594
2017-01-17,22.709348678588867
2017-01-18,22.709348678588867
2017-01-19,22.42687225341797
2017-01-20,22.68704605102539
2017-01-23,22.64244270324707
2017-01-24,22.93235206604004
2017-01-25,23.11075782775879
2017-01-26,22.300506591796875
2017-01-27,21.936264038085938
2017-01-30,21.720687866210938
2017-01-31,21.4976863861084
2017-02-01,21.9957332611084
2017-02-02,21.965999603271484
2017-02-03,22.969518661499023
2017-02-06,22.64244270324707
2017-02-07,22.620145797729492
2017-02-08,22.68704605102539
2017-02-09,23.415531158447266
2017-02-10,23.668270111083984
2017-02-13,23.86897087097168
2017-02-14,23.996458053588867
2017-02-15,24.52887725830078
2017-02-16,24.408891677856445
2017-02-17,24.401399612426758
2017-02-21,24.858827590942383
2017-02-22,25.008804321289062
2017-02-23,24.74634552001953
2017-02-24,24.491382598876953
2017-02-27,24.4838809967041
2017-02-28,24.138933181762695
2017-03-01,24.333906173706055
2017-03-02,24.28141212463379
2017-03-03,24.243925094604492
2017-03-06,24.138933181762695
2017-03-07,23.966459274291992
2017-03-08,24.153928756713867
2017-03-09,24.191425323486328
2017-03-10,23.838979721069336
2017-03-13,23.748991012573242
2017-03-14,23.681499481201172
2017-03-15,24.371397018432617
2017-03-16,24.506380081176758
2017-03-17,23.419036865234375
2017-03-20,23.314058303833008
2017-03-21,22.706647872924805
2017-03-22,22.571670532226562
2017-03-23,22.66164779663086
2017-03-24,22.571670532226562
2017-03-27,22.49667739868164
2017-03-28,23.074092864990234
2017-03-29,22.93911361694336
2017-03-30,23.036598205566406
2017-03-31,22.96910858154297
2017-04-03,22.93911361694336
2017-04-04,22.864124298095703
2017-04-05,22.706647872924805
2017-04-06,22.93911361694336
2017-04-07,22.774137496948242
2017-04-10,23.0590877532959
2017-04-11,23.104089736938477
2017-04-12,22.856626510620117
2017-04-13,22.519180297851562
2017-04-17,23.044099807739258
2017-04-18,22.976608276367188
2017-04-19,23.254064559936523
2017-04-20,23.636510848999023
2017-04-21,23.45653533935547
2017-04-24,24.018951416015625
2017-04-25,24.123931884765625
2017-04-26,24.326400756835938
2017-04-27,24.836334228515625
2017-04-28,24.701353073120117
2017-05-01,24.51388168334961
2017-05-02,24.453887939453125
2017-05-03,24.498884201049805
2017-05-04,24.303911209106445
2017-05-05,24.28141212463379
2017-05-08,24.258914947509766
2017-05-09,24.416393280029297
2017-05-10,24.507190704345703
2017-05-11,24.325599670410156
2017-05-12,24.302902221679688
2017-05-15,24.37856674194336
2017-05-16,24.348295211791992
2017-05-17,23.19822120666504
2017-05-18,23.637067794799805
2017-05-19,23.924585342407227
2017-05-22,24.09861183166504
2017-05-23,23.64463233947754
2017-05-24,23.591670989990234
2017-05-25,24.174270629882812
2017-05-26,24.212106704711914
2017-05-30,23.924585342407227
2017-05-31,23.9851131439209
2017-06-01,24.908199310302734
2017-06-02,24.915771484375
2017-06-05,25.225984573364258
2017-06-06,25.27894401550293
2017-06-07,25.27894401550293
2017-06-08,25.634567260742188
2017-06-09,25.967477798461914
2017-06-12,26.065841674804688
2017-06-13,26.096111297607422
2017-06-14,26.239866256713867
2017-06-15,26.164207458496094
2017-06-16,26.186906814575195
2017-06-19,26.78464126586914
2017-06-20,26.534950256347656
2017-06-21,26.330663681030273
2017-06-22,26.474424362182617
2017-06-23,26.45928955078125
2017-06-26,26.489553451538086
2017-06-27,26.30796241760254
2017-06-28,26.716550827026367
2017-06-29,26.481985092163086
2017-06-30,26.625751495361328
2017-07-03,26.86786651611328
2017-07-05,26.860301971435547
2017-07-06,26.603050231933594
2017-07-07,27.17808723449707
2017-07-10,27.59423065185547
2017-07-11,27.02676010131836
2017-07-12,27.321847915649414
2017-07-13,27.16295623779297
2017-07-14,27.321847915649414
2017-07-17,27.36724281311035
2017-07-18,27.193218231201172
2017-07-19,27.389942169189453
2017-07-20,27.34454345703125
2017-07-21,27.276451110839844
2017-07-24,27.442907333374023
2017-07-25,27.63963508605957
2017-07-26,27.571533203125
2017-07-27,26.179336547851562
2017-07-28,25.997753143310547
2017-07-31,26.30796241760254
2017-08-01,26.633312225341797
2017-08-02,26.202037811279297
2017-08-03,26.126373291015625
2017-08-04,26.156641006469727
2017-08-07,26.300392150878906
2017-08-08,26.186906814575195
2017-08-09,26.156641006469727
2017-08-10,25.377315521240234
2017-08-11,25.717796325683594
2017-08-14,25.725357055664062
2017-08-15,25.809309005737305
2017-08-16,25.68720054626465
2017-08-17,25.008012771606445
2017-08-18,25.076696395874023
2017-08-21,25.091962814331055
2017-08-22,25.37432098388672
2017-08-23,25.084325790405273
2017-08-24,24.863018035888672
2017-08-25,25.008012771606445
2017-08-28,24.763809204101562
2017-08-29,24.595914840698242
2017-08-30,24.756174087524414
2017-08-31,25.015640258789062
2017-09-01,25.275108337402344
2017-09-05,24.618810653686523
2017-09-06,24.458553314208984
2017-09-07,24.2296085357666
2017-09-08,24.183822631835938
2017-09-11,24.496707916259766
2017-09-12,24.80959701538086
2017-09-13,24.97748374938965
2017-09-14,25.02327537536621
2017-09-15,25.244583129882812
2017-09-18,25.519319534301758
2017-09-19,25.572731018066406
2017-09-20,25.526945114135742
2017-09-21,25.610889434814453
2017-09-22,26.099300384521484
2017-09-25,26.122194290161133
2017-09-26,26.015356063842773
2017-09-27,26.25192642211914
2017-09-28,26.160348892211914
2017-09-29,26.740327835083008
2017-10-02,27.114273071289062
2017-10-03,27.289791107177734
2017-10-04,27.160066604614258
2017-10-05,27.3203182220459
2017-10-06,27.297420501708984
2017-10-09,27.266897201538086
2017-10-10,27.53399658203125
2017-10-11,27.69425392150879
2017-10-12,27.69425392150879
2017-10-13,27.58741569519043
2017-10-16,27.717151641845703
2017-10-17,27.61794090270996
2017-10-18,28.07582664489746
2017-10-19,28.144512176513672
2017-10-20,28.49555015563965
2017-10-23,28.43450164794922
2017-10-24,28.548965454101562
2017-10-25,28.113983154296875
2017-10-26,28.350555419921875
2017-10-27,28.152135848999023
2017-10-30,27.50347137451172
2017-10-31,27.31268882751465
2017-11-01,27.289791107177734
2017-11-02,27.595043182373047
2017-11-03,27.5111026763916
2017-11-06,27.373737335205078
2017-11-07,27.175321578979492
2017-11-08,27.236373901367188
2017-11-09,27.091381072998047
2017-11-10,26.824277877807617
2017-11-13,26.56264877319336
2017-11-14,26.52417755126953
2017-11-15,26.53188133239746
2017-11-16,26.601131439208984
2017-11-17,26.916614532470703
2017-11-20,27.28597068786621
2017-11-21,27.416786193847656
2017-11-22,27.108991622924805
2017-11-24,27.00126075744629
2017-11-27,27.085905075073242
2017-11-28,27.70149040222168
2017-11-29,27.778444290161133
2017-11-30,27.832304000854492
2017-12-01,27.86308479309082
2017-12-04,28.37863540649414
2017-12-05,28.186269760131836
2017-12-06,28.540233612060547
2017-12-07,28.73259925842285
2017-12-08,28.986536026000977
2017-12-11,28.77107810974121
2017-12-12,28.601787567138672
2017-12-13,28.440202713012695
2017-12-14,27.924644470214844
2017-12-15,28.132408142089844
2017-12-18,28.324779510498047
2017-12-19,28.170881271362305
2017-12-20,28.10162925720215
2017-12-21,28.170881271362305
2017-12-22,28.1939640045166
2017-12-26,28.163179397583008
2017-12-27,28.11701774597168
2017-12-28,28.293996810913086
2017-12-29,28.11701774597168
2018-01-02,27.970813751220703
2018-01-03,28.109317779541016
2018-01-04,28.340167999267578
2018-01-05,28.686433792114258
2018-01-08,28.347864151000977
2018-01-09,28.624876022338867
2018-01-10,28.332473754882812
2018-01-11,28.701828002929688
2018-01-12,29.132734298706055
2018-01-16,28.624876022338867
2018-01-17,29.302019119262695
2018-01-18,29.132734298706055
2018-01-19,29.340497970581055
2018-01-22,29.14043426513672
2018-01-23,28.94036102294922
2018-01-24,28.94036102294922
2018-01-25,28.924978256225586
2018-01-26,29.548255920410156
2018-01-29,28.84032440185547
2018-01-30,28.224740982055664
2018-01-31,27.801523208618164
2018-02-01,27.72457504272461
2018-02-02,27.055124282836914
2018-02-05,25.523847579956055
2018-02-06,25.862424850463867
2018-02-07,25.746999740600586
2018-02-08,24.561992645263672
2018-02-09,24.962121963500977
2018-02-12,25.023679733276367
2018-02-13,25.015987396240234
2018-02-14,25.753576278686523
2018-02-15,25.769105911254883
2018-02-16,26.33588409423828
2018-02-20,25.784635543823242
2018-02-21,25.79239845275879
2018-02-22,25.575002670288086
2018-02-23,25.769105911254883
2018-02-26,26.273775100708008
2018-02-27,25.637117385864258
2018-02-28,25.26443862915039
2018-03-01,24.697656631469727
2018-03-02,25.008222579956055
2018-03-05,25.365371704101562
2018-03-06,25.714757919311523
2018-03-07,25.88557243347168
2018-03-08,26.320358276367188
2018-03-09,26.801729202270508
2018-03-12,26.801729202270508
2018-03-13,26.483409881591797
2018-03-14,25.831218719482422
2018-03-15,25.559471130371094
2018-03-16,25.776872634887695
2018-03-19,25.342077255249023
2018-03-20,25.256671905517578
2018-03-21,25.575002670288086
2018-03-22,24.418149948120117
2018-03-23,23.85137176513672
2018-03-26,24.94611358642578
2018-03-27,24.3482723236084
2018-03-28,24.44144058227539
2018-03-29,24.852937698364258
2018-04-02,23.944538116455078
2018-04-03,24.309450149536133
2018-04-04,24.627777099609375
2018-04-05,24.674362182617188
2018-04-06,23.835845947265625
2018-04-09,23.797019958496094
2018-04-10,24.27839469909668
2018-04-11,23.758203506469727
2018-04-12,23.929012298583984
2018-04-13,23.70384979248047
2018-04-16,23.952301025390625
2018-04-17,24.169702529907227
2018-04-18,24.154170989990234
2018-04-19,24.239572525024414
2018-04-20,24.115345001220703
2018-04-23,24.068767547607422
2018-04-24,23.797019958496094
2018-04-25,23.866897583007812
2018-04-26,23.175891876220703
2018-04-27,22.974023818969727
2018-04-30,22.49264907836914
2018-05-01,22.081148147583008
2018-05-02,21.848228454589844
2018-05-03,21.708473205566406
2018-05-04,22.04233169555664
2018-05-07,22.104442596435547
2018-05-08,21.848228454589844
2018-05-09,21.724000930786133
2018-05-10,22.085020065307617
2018-05-11,22.132110595703125
2018-05-14,22.40679931640625
2018-05-15,22.29692268371582
2018-05-16,22.375408172607422
2018-05-17,22.48528480529785
2018-05-18,22.469589233398438
2018-05-21,22.453889846801758
2018-05-22,22.603002548217773
2018-05-23,22.3126277923584
2018-05-24,22.20274543762207
2018-05-25,22.17135238647461
2018-05-29,21.25310707092285
2018-05-30,21.567033767700195
2018-05-31,21.44146156311035
2018-06-01,21.755390167236328
2018-06-04,21.58272933959961
2018-06-05,21.551340103149414
2018-06-06,21.841724395751953
2018-06-07,21.786787033081055
2018-06-08,21.920204162597656
2018-06-11,21.920204162597656
2018-06-12,21.943750381469727
2018-06-13,21.39437484741211
2018-06-14,21.355134963989258
2018-06-15,21.5905818939209
2018-06-18,21.049049377441406
2018-06-19,21.174625396728516
2018-06-20,21.300193786621094
2018-06-21,21.2138614654541
2018-06-22,21.68476104736328
2018-06-25,21.496400833129883
2018-06-26,21.30804443359375
2018-06-27,20.805753707885742
2018-06-28,20.868539810180664
2018-06-29,20.844995498657227
2018-07-02,21.0255069732666
2018-07-03,20.7586612701416
2018-07-05,20.829296112060547
2018-07-06,20.750818252563477
2018-07-09,21.221712112426758
2018-07-10,21.37082862854004
2018-07-11,20.907779693603516
2018-07-12,20.436885833740234
2018-07-13,20.107255935668945
2018-07-16,20.013078689575195
2018-07-17,19.98168182373047
2018-07-18,20.50752067565918
2018-07-19,20.162193298339844
2018-07-20,19.98168182373047
2018-07-23,20.421184539794922
2018-07-24,20.586000442504883
2018-07-25,20.688030242919922
2018-07-26,20.185741424560547
2018-07-27,20.381946563720703
2018-07-30,21.472854614257812
2018-07-31,21.18246841430664
2018-08-01,20.264223098754883
2018-08-02,19.58927345275879
2018-08-03,19.738393783569336
2018-08-06,19.863964080810547
2018-08-07,19.965988159179688
2018-08-08,20.09156036376953
2018-08-09,20.00522804260254
2018-08-10,19.385221481323242
2018-08-13,19.455848693847656
2018-08-14,19.612815856933594
2018-08-15,19.223581314086914
2018-08-16,19.533382415771484
2018-08-17,19.44600486755371
2018-08-20,19.54132080078125
2018-08-21,19.692256927490234
2018-08-22,19.565155029296875
2018-08-23,19.295076370239258
2018-08-24,19.17591667175293
2018-08-27,19.65253448486328
2018-08-28,19.628700256347656
2018-08-29,19.62076187133789
2018-08-30,19.271240234375
2018-08-31,19.144145965576172
2018-09-04,19.048816680908203
2018-09-05,19.54132080078125
2018-09-06,19.239463806152344
2018-09-07,19.10441780090332
2018-09-10,19.34273338317871
2018-09-11,19.056758880615234
2018-09-12,19.10441780090332
2018-09-13,18.556318283081055
2018-09-14,18.866111755371094
2018-09-17,18.83433723449707
2018-09-18,18.81051254272461
2018-09-19,19.295076370239258
2018-09-20,19.390398025512695
2018-09-21,19.310962677001953
2018-09-24,18.818450927734375
2018-09-25,18.24651527404785
2018-09-26,18.254453659057617
2018-09-27,18.31800079345703
2018-09-28,18.175018310546875
2018-10-01,18.278287887573242
2018-10-02,18.254453659057617
2018-10-03,18.31800079345703
2018-10-04,18.445106506347656
2018-10-05,18.460988998413086
2018-10-08,17.801668167114258
2018-10-09,17.317106246948242
2018-10-10,16.792827606201172
2018-10-11,15.942863464355469
2018-10-12,15.839591026306152
2018-10-15,16.22088623046875
2018-10-16,16.316213607788086
2018-10-17,16.633956909179688
2018-10-18,16.888151168823242
2018-10-19,17.46009063720703
2018-10-22,16.768999099731445
2018-10-23,16.816659927368164
2018-10-24,16.745166778564453
2018-10-25,17.110576629638672
2018-10-26,16.72133445739746
2018-10-29,16.87226104736328
2018-10-30,17.412429809570312
2018-10-31,17.245616912841797
2018-11-01,17.46009063720703
2018-11-02,17.174121856689453
2018-11-05,17.253559112548828
2018-11-06,17.237674713134766
2018-11-07,17.150291442871094
2018-11-08,17.301223754882812
2018-11-09,16.817943572998047
2018-11-12,16.495765686035156
2018-11-13,15.988330841064453
2018-11-14,15.87555980682373
2018-11-15,16.157470703125
2018-11-16,16.16552734375
2018-11-19,16.197744369506836
2018-11-20,16.012487411499023
2018-11-21,16.213851928710938
2018-11-23,16.318567276000977
2018-11-26,16.713239669799805
2018-11-27,16.487709045410156
2018-11-28,16.6568546295166
2018-11-29,16.310508728027344
2018-11-30,16.391054153442383
2018-12-03,16.632692337036133
2018-12-04,15.730578422546387
2018-12-06,15.198978424072266
2018-12-07,14.917069435119629
2018-12-10,14.457958221435547
2018-12-11,14.014952659606934
2018-12-12,14.20826530456543
2018-12-13,13.886082649230957
2018-12-14,13.652501106262207
2018-12-17,13.692771911621094
2018-12-18,13.668609619140625
2018-12-19,13.225607872009277
2018-12-20,13.120901107788086
2018-12-21,12.887314796447754
2018-12-24,12.653732299804688
2018-12-26,13.273934364318848
2018-12-27,13.459190368652344
2018-12-28,13.330317497253418
2018-12-31,13.483353614807129
2019-01-02,13.563901901245117
2019-01-03,13.233660697937012
2019-01-04,13.902192115783691
2019-01-07,14.071338653564453
2019-01-08,13.918301582336426
2019-01-09,13.950519561767578
2019-01-10,14.135773658752441
2019-01-11,13.998845100402832
2019-01-14,14.135773658752441
2019-01-15,14.33713436126709
2019-01-16,14.747923851013184
2019-01-17,14.868739128112793
2019-01-18,15.174813270568848
2019-01-22,15.070104598999023
2019-01-23,14.989559173583984
2019-01-24,15.126486778259277
2019-01-25,15.31979751586914
2019-01-28,15.641980171203613
2019-01-29,15.352012634277344
2019-01-30,14.9734468460083
2019-01-31,14.675431251525879
2019-02-01,14.788192749023438
2019-02-04,14.9653959274292
2019-02-05,15.07815933227539
2019-02-06,14.9653959274292
2019-02-07,14.796247482299805
2019-02-08,14.498231887817383
2019-02-11,14.651265144348145
2019-02-12,14.957340240478516
2019-02-13,15.121076583862305
2019-02-14,14.957340240478516
2019-02-15,15.440363883972168
2019-02-19,15.481295585632324
2019-02-20,15.587725639343262
2019-02-21,15.415802955627441
2019-02-22,15.595913887023926
2019-02-25,15.538604736328125
2019-02-26,15.595913887023926
2019-02-27,15.800580024719238
2019-02-28,15.841517448425293
2019-03-01,15.97250747680664
2019-03-04,15.92338752746582
2019-03-05,15.939759254455566
2019-03-06,15.735089302062988
2019-03-07,15.276625633239746
2019-03-08,15.26025104522705
2019-03-11,15.530415534973145
2019-03-12,15.530415534973145
2019-03-13,15.825142860412598
2019-03-14,15.841517448425293
2019-03-15,16.193553924560547
2019-03-18,16.570144653320312
2019-03-19,16.324539184570312
2019-03-20,16.152616500854492
2019-03-21,16.201738357543945
2019-03-22,15.604098320007324
2019-03-25,15.374871253967285
2019-03-26,15.784213066101074
2019-03-27,15.816954612731934
2019-03-28,15.857892036437988
2019-03-29,15.808770179748535
2019-04-01,16.349102020263672
2019-04-02,16.2508602142334
2019-04-03,16.47190284729004
2019-04-04,16.529212951660156
2019-04-05,16.774816513061523
2019-04-08,16.799381256103516
2019-04-09,16.619264602661133
2019-04-10,17.020421981811523
2019-04-11,17.06954574584961
2019-04-12,17.454322814941406
2019-04-15,17.249650955200195
2019-04-16,17.62624740600586
2019-04-17,17.73267936706543
2019-04-18,17.62624740600586
2019-04-22,17.503440856933594
2019-04-23,17.69993019104004
2019-04-24,17.634435653686523
2019-04-25,17.96190643310547
2019-04-26,17.822729110717773
2019-04-29,17.920976638793945
2019-04-30,17.986465454101562
2019-05-01,17.83091926574707
2019-05-02,17.356077194213867
2019-05-03,17.945531845092773
2019-05-06,17.708112716674805
2019-05-07,17.454322814941406
2019-05-08,17.397014617919922
2019-05-09,17.28900909423828
2019-05-10,17.729341506958008
2019-05-13,16.466516494750977
2019-05-14,16.931764602661133
2019-05-15,17.106231689453125
2019-05-16,17.18100357055664
2019-05-17,16.981613159179688
2019-05-20,17.156084060668945
2019-05-21,17.347169876098633
2019-05-22,17.23916244506836
2019-05-23,16.79883575439453
2019-05-24,16.964998245239258
2019-05-28,16.70744514465332
2019-05-29,16.964998245239258
2019-05-30,16.931764602661133
2019-05-31,16.233890533447266
2019-06-03,16.607749938964844
2019-06-04,17.197622299194336
2019-06-05,17.13115882873535
2019-06-06,17.24747085571289
2019-06-07,17.097923278808594
2019-06-10,17.014846801757812
2019-06-11,17.122852325439453
2019-06-12,17.00653648376465
2019-06-13,17.106231689453125
2019-06-14,17.147775650024414
2019-06-17,16.740680694580078
2019-06-18,16.906841278076172
2019-06-19,16.89853286743164
2019-06-20,17.230852127075195
2019-06-21,17.106231689453125
2019-06-24,16.998231887817383
2019-06-25,16.62436866760254
2019-06-26,16.699140548706055
2019-06-27,16.91514778137207
2019-06-28,16.998231887817383
2019-07-01,17.064695358276367
2019-07-02,17.064695358276367
2019-07-03,17.297319412231445
2019-07-05,17.421939849853516
2019-07-08,17.106231689453125
2019-07-09,17.139469146728516
2019-07-10,16.97330665588379
2019-07-11,16.449899673461914
2019-07-12,16.724061965942383
2019-07-15,16.715757369995117
2019-07-16,16.53297996520996
2019-07-17,16.15911865234375
2019-07-18,16.341896057128906
2019-07-19,16.42498016357422
2019-07-22,16.2172794342041
2019-07-23,16.341896057128906
2019-07-24,16.665910720825195
2019-07-25,16.2255859375
2019-07-26,16.29204750061035
2019-07-29,16.05942153930664
2019-07-30,16.092655181884766
2019-07-31,15.943111419677734
2019-08-01,14.971070289611816
2019-08-02,14.821527481079102
2019-08-05,14.264886856079102
2019-08-06,14.31473445892334
2019-08-07,13.999032974243164
2019-08-08,14.181809425354004
2019-08-09,13.600247383117676
2019-08-12,13.342696189880371
2019-08-13,13.425777435302734
2019-08-14,12.976840019226074
2019-08-15,12.875192642211914
2019-08-16,13.256366729736328
2019-08-19,13.307188987731934
2019-08-20,13.086956024169922
2019-08-21,13.18860149383545
2019-08-22,13.46812915802002
2019-08-23,13.230953216552734
2019-08-26,13.281777381896973
2019-08-27,12.968369483947754
2019-08-28,13.070014953613281
2019-08-29,13.230953216552734
2019-08-30,13.298718452453613
2019-09-03,13.154720306396484
2019-09-04,13.214015007019043
2019-09-05,13.595186233520508
2019-09-06,13.535894393920898
2019-09-09,13.900126457214355
2019-09-10,14.433770179748535
2019-09-11,14.882704734802246
2019-09-12,14.620121002197266
2019-09-13,14.738706588745117
2019-09-16,14.594707489013672
2019-09-17,14.433770179748535
2019-09-18,14.349063873291016
2019-09-19,14.442237854003906
2019-09-20,14.289772987365723
2019-09-23,14.399887084960938
2019-09-24,14.154240608215332
2019-09-25,14.357534408569336
2019-09-26,14.281299591064453
2019-09-27,14.416827201843262
2019-09-30,14.349063873291016
2019-10-01,13.773067474365234
2019-10-02,13.307188987731934
2019-10-03,13.358014106750488
2019-10-04,13.459659576416016
2019-10-07,13.32413101196289
2019-10-08,13.02766227722168
2019-10-09,13.036133766174316
2019-10-10,13.002251625061035
2019-10-11,13.417306900024414
2019-10-14,13.307188987731934
2019-10-15,13.374953269958496
2019-10-16,13.256366729736328
2019-10-17,13.239424705505371
2019-10-18,13.459659576416016
2019-10-21,13.679893493652344
2019-10-22,13.578248023986816
2019-10-23,14.637063980102539
2019-10-24,14.349063873291016
2019-10-25,14.442237854003906
2019-10-28,14.687887191772461
2019-10-29,14.442237854003906
2019-10-30,14.298239707946777
2019-10-31,14.247417449951172
2019-11-01,14.577766418457031
2019-11-04,15.060587882995605
2019-11-05,15.34858512878418
2019-11-06,15.280823707580566
2019-11-07,15.399405479431152
2019-11-08,15.3563232421875
2019-11-11,15.201203346252441
2019-11-12,15.166739463806152
2019-11-13,15.011625289916992
2019-11-14,14.89098072052002
2019-11-15,15.0374755859375
2019-11-18,14.968533515930176
2019-11-19,15.097797393798828
2019-11-20,14.813421249389648
2019-11-21,14.710012435913086
2019-11-22,14.934065818786621
2019-11-25,15.295999526977539
2019-11-26,15.123648643493652
2019-11-27,15.252914428710938
2019-11-29,15.1322660446167
2019-12-02,14.899596214294434
2019-12-03,14.382549285888672
2019-12-04,14.442869186401367
2019-12-05,14.31360912322998
2019-12-06,14.468725204467773
2019-12-09,14.356694221496582
2019-12-10,14.520427703857422
2019-12-11,14.727243423461914
2019-12-12,15.261531829833984
2019-12-13,15.183971405029297
2019-12-16,15.425257682800293
2019-12-17,15.701020240783691
2019-12-18,15.821663856506348
2019-12-19,15.881985664367676
2019-12-20,15.494202613830566
2019-12-23,15.666546821594238
2019-12-24,15.330470085144043
2019-12-26,15.4511137008667
2019-12-27,15.364936828613281
2019-12-30,15.4511137008667
2019-12-31,15.494202613830566
2020-01-02,15.502817153930664
2020-01-03,15.227059364318848
2020-01-06,15.330470085144043
2020-01-07,15.304615020751953
2020-01-08,15.3563232421875
2020-01-09,15.52005672454834
2020-01-10,15.252914428710938
2020-01-13,15.563138961791992
2020-01-14,15.425257682800293
2020-01-15,15.511434555053711
2020-01-16,15.735488891601562
2020-01-17,15.787195205688477
2020-01-21,15.778579711914062
2020-01-22,15.95092487335205
2020-01-23,15.916454315185547
2020-01-24,15.657933235168457
2020-01-27,15.252914428710938
2020-01-28,15.485584259033203
2020-01-29,15.192588806152344
2020-01-30,15.192588806152344
2020-01-31,14.908212661743164
2020-02-03,14.89098072052002
2020-02-04,15.382174491882324
2020-02-05,15.847517013549805
2020-02-06,15.683785438537598
2020-02-07,15.701020240783691
2020-02-10,16.011249542236328
2020-02-11,16.27838897705078
2020-02-12,16.278390884399414
2020-02-13,15.779001235961914
2020-02-14,15.577493667602539
2020-02-18,15.437311172485352
2020-02-19,15.498639106750488
2020-02-20,15.796521186828613
2020-02-21,15.314653396606445
2020-02-24,14.701367378234863
2020-02-25,13.895333290100098
2020-02-26,13.544883728027344
2020-02-27,12.791415214538574
2020-02-28,12.616190910339355
2020-03-02,12.949116706848145
2020-03-03,12.519814491271973
2020-03-04,12.808937072753906
2020-03-05,11.757589340209961
2020-03-06,11.4947509765625
2020-03-09,10.154282569885254
2020-03-10,10.925271034240723
2020-03-11,9.777546882629395
2020-03-12,8.279374122619629
2020-03-13,9.462143898010254
2020-03-16,7.666088104248047
2020-03-17,8.9189453125
2020-03-18,8.612303733825684
2020-03-19,8.621064186096191
2020-03-20,7.490863800048828
2020-03-23,6.667306900024414
2020-03-24,7.464580535888672
2020-03-25,7.867596626281738
2020-03-26,8.594780921936035
2020-03-27,8.209284782409668
2020-03-30,8.375750541687012
2020-03-31,7.9552083015441895
2020-04-01,7.017756462097168
2020-04-02,7.201742649078369
2020-04-03,6.842530727386475
2020-04-06,7.85007381439209
2020-04-07,8.00777816772461
2020-04-08,8.296895980834961
2020-04-09,8.638586044311523
2020-04-13,8.384510040283203
2020-04-14,8.594780921936035
2020-04-15,7.85007381439209
2020-04-16,7.631043434143066
2020-04-17,7.94644832611084
2020-04-20,7.963970184326172
2020-04-21,7.823790073394775
2020-04-22,8.042821884155273
2020-04-23,6.343139171600342
2020-04-24,6.833769798278809
2020-04-27,6.965188980102539
2020-04-28,7.455817699432373
2020-04-29,7.552192211151123
2020-04-30,7.552192211151123
2020-05-01,7.0002336502075195
2020-05-04,7.087846279144287
2020-05-05,6.886337757110596
2020-05-06,6.67606782913208
2020-05-07,6.719874382019043
2020-05-08,7.135674476623535
2020-05-11,6.992602825164795
2020-05-12,6.473970890045166
2020-05-13,6.053698539733887
2020-05-14,6.250421047210693
2020-05-15,5.991105079650879
2020-05-18,6.518680095672607
2020-05-19,6.473970890045166
2020-05-20,6.590214729309082
2020-05-21,6.57233190536499
2020-05-22,6.500795841217041
2020-05-26,7.234035015106201
2020-05-27,7.484410762786865
2020-05-28,7.269803524017334
2020-05-29,7.126732349395752
2020-06-01,7.350281715393066
2020-06-02,7.484410762786865
2020-06-03,8.18188190460205
2020-06-04,8.548502922058105
2020-06-05,9.308568000793457
2020-06-08,10.327950477600098
2020-06-09,9.961329460144043
2020-06-10,9.22808837890625
2020-06-11,8.78099250793457
2020-06-12,9.24597454071045
2020-06-15,9.603652000427246
2020-06-16,9.961329460144043
2020-06-17,10.03286361694336
2020-06-18,10.131227493286133
2020-06-19,9.916620254516602
2020-06-22,10.131227493286133
2020-06-23,10.20276165008545
2020-06-24,9.585766792297363
2020-06-25,9.594708442687988
2020-06-26,8.941947937011719
2020-06-29,9.290684700012207
2020-06-30,9.621535301208496
2020-07-01,9.174437522888184
2020-07-02,9.433755874633789
2020-07-06,9.621535301208496
2020-07-07,9.24597454071045
2020-07-08,9.478464126586914
2020-07-09,8.977715492248535
2020-07-10,9.415870666503906
2020-07-13,9.49634838104248
2020-07-14,9.380102157592773
2020-07-15,9.773550033569336
2020-07-16,9.594708442687988
2020-07-17,9.380102157592773
2020-07-20,9.201265335083008
2020-07-21,9.603652000427246
2020-07-22,9.415870666503906
2020-07-23,9.549999237060547
2020-07-24,9.335392951965332
2020-07-27,9.576826095581055
2020-07-28,9.272799491882324
2020-07-29,9.478464126586914
2020-07-30,9.031366348266602
2020-07-31,8.977715492248535
2020-08-03,8.941947937011719
2020-08-04,8.736281394958496
2020-08-05,9.183381080627441
2020-08-06,9.22808837890625
2020-08-07,9.639419555664062
2020-08-10,9.648361206054688
2020-08-11,9.782489776611328
2020-08-12,10.184880256652832
2020-08-13,9.699884414672852
2020-08-14,9.681753158569336
2020-08-17,9.582036018371582
2020-08-18,9.319140434265137
2020-08-19,9.36446762084961
2020-08-20,9.083443641662598
2020-08-21,9.192227363586426
2020-08-24,9.609230995178223
2020-08-25,9.699884414672852
2020-08-26,9.582036018371582
2020-08-27,9.80866813659668
2020-08-28,9.727079391479492
2020-08-31,9.24661922454834
2020-09-01,9.228487968444824
2020-09-02,9.636427879333496
2020-09-03,10.09875774383545
2020-09-04,10.325392723083496
2020-09-08,9.699884414672852
2020-09-09,9.690818786621094
2020-09-10,9.301010131835938
2020-09-11,9.699884414672852
2020-09-14,9.681753158569336
2020-09-15,9.545772552490234
2020-09-16,9.872124671936035
2020-09-17,10.10782241821289
2020-09-18,9.953713417053223
2020-09-21,9.264749526977539
2020-09-22,9.23755168914795
2020-09-23,9.44605541229248
2020-09-24,9.79053783416748
2020-09-25,9.799602508544922
2020-09-28,10.416043281555176
2020-09-29,10.361653327941895
2020-09-30,10.343521118164062
2020-10-01,10.198476791381836
2020-10-02,10.742395401000977
2020-10-05,10.760525703430176
2020-10-06,10.742395401000977
2020-10-07,11.440423965454102
2020-10-08,11.739580154418945
2020-10-09,11.884624481201172
2020-10-12,12.1475191116333
2020-10-13,12.53732681274414
2020-10-14,12.718633651733398
2020-10-15,12.918068885803223
2020-10-16,12.72769832611084
2020-10-19,12.609848022460938
2020-10-20,12.77302360534668
2020-10-21,12.528261184692383
2020-10-22,12.736764907836914
2020-10-23,12.67330551147461
2020-10-26,12.501065254211426
2020-10-27,12.6642427444458
2020-10-28,12.084062576293945
2020-10-29,12.1475191116333
2020-10-30,11.884624481201172
2020-11-02,12.220041275024414
2020-11-03,12.67330551147461
2020-11-04,12.464804649353027
2020-11-05,13.081246376037598
2020-11-06,12.582653999328613
2020-11-09,13.452924728393555
2020-11-10,13.310927391052246
2020-11-11,13.998003005981445
2020-11-12,13.704851150512695
2020-11-13,14.227029800415039
2020-11-16,14.648432731628418
2020-11-17,14.93242359161377
2020-11-18,14.666757583618164
2020-11-19,14.620951652526855
2020-11-20,14.401086807250977
2020-11-23,14.959908485412598
2020-11-24,15.692785263061523
2020-11-25,15.601177215576172
2020-11-27,15.582855224609375
2020-11-30,14.868297576904297
2020-12-01,15.079000473022461
2020-12-02,15.353832244873047
2020-12-03,16.306577682495117
2020-12-04,16.297414779663086
2020-12-07,16.508115768432617
2020-12-08,16.55392074584961
2020-12-09,16.214962005615234
2020-12-10,16.040904998779297
2020-12-11,16.361539840698242
2020-12-14,15.665305137634277
2020-12-15,16.114194869995117
2020-12-16,15.985939979553223
2020-12-17,16.01342010498047
2020-12-18,15.985939979553223
2020-12-21,15.958455085754395
2020-12-22,15.55537223815918
2020-12-23,16.07754898071289
2020-12-24,16.132516860961914
2020-12-28,15.756915092468262
2020-12-29,15.582855224609375
2020-12-30,15.885171890258789
2020-12-31,15.96761417388916
2021-01-04,15.527891159057617
2021-01-05,15.995099067687988
2021-01-06,16.865394592285156
2021-01-07,16.7921085357666
2021-01-08,17.08526039123535
2021-01-11,17.350927352905273
2021-01-12,17.937232971191406
2021-01-13,17.88226318359375
2021-01-14,18.5693416595459
2021-01-15,18.32199478149414
2021-01-19,18.5510196685791
2021-01-20,19.760269165039062
2021-01-21,19.146484375
2021-01-22,19.210609436035156
2021-01-25,19.274738311767578
2021-01-26,19.183128356933594
2021-01-27,19.03655242919922
2021-01-28,19.72362518310547
2021-01-29,18.86249351501465
2021-02-01,19.60453224182129
2021-02-02,19.59537124633789
2021-02-03,19.998455047607422
2021-02-04,19.952651977539062
2021-02-05,20.1175479888916
2021-02-08,20.410701751708984
2021-02-09,20.767980575561523
2021-02-10,20.813785552978516
2021-02-11,20.694692611694336
2021-02-12,20.911462783813477
2021-02-16,21.068275451660156
2021-02-17,20.828445434570312
2021-02-18,20.164295196533203
2021-02-19,20.726978302001953
2021-02-22,20.96681022644043
2021-02-23,20.828445434570312
2021-02-24,21.45569610595703
2021-02-25,20.643957138061523
2021-02-26,20.68085479736328
2021-03-01,22.82088851928711
2021-03-02,22.092172622680664
2021-03-03,21.824668884277344
2021-03-04,21.51104164123535
2021-03-05,21.916912078857422
2021-03-08,22.202863693237305
2021-03-09,22.581058502197266
2021-03-10,23.235984802246094
2021-03-11,23.365121841430664
2021-03-12,23.715646743774414
2021-03-15,23.983154296875
2021-03-16,23.291330337524414
2021-03-17,23.531164169311523
2021-03-18,23.180635452270508
2021-03-19,23.47581672668457
2021-03-22,23.162189483642578
2021-03-23,21.824668884277344
2021-03-24,21.446468353271484
2021-03-25,22.119842529296875
2021-03-26,22.839340209960938
2021-03-29,22.461143493652344
2021-03-30,22.959253311157227
2021-03-31,23.263654708862305
2021-04-01,23.75254249572754
2021-04-05,23.918582916259766
2021-04-06,23.826337814331055
2021-04-07,23.937026977539062
2021-04-08,23.872459411621094
2021-04-09,24.27832794189453
2021-04-12,24.638076782226562
2021-04-13,23.900135040283203
2021-04-14,24.093843460083008
2021-04-15,24.748764038085938
2021-04-16,24.508934020996094
2021-04-19,24.42591667175293
2021-04-20,23.789440155029297
2021-04-21,24.306001663208008
2021-04-22,23.697200775146484
2021-04-23,24.45359230041504
2021-04-26,24.47203826904297
2021-04-27,24.407468795776367
2021-04-28,25.11773681640625
2021-04-29,25.486705780029297
2021-04-30,24.90557861328125
2021-05-03,25.292999267578125
2021-05-04,25.40369415283203
2021-05-05,25.551280975341797
2021-05-06,26.058618545532227
2021-05-07,26.178531646728516
2021-05-10,26.18781089782715
2021-05-11,25.29694175720215
2021-05-12,24.471036911010742
2021-05-13,25.17630386352539
2021-05-14,25.946537017822266
2021-05-17,25.760936737060547
2021-05-18,25.28766632080078
2021-05-19,24.870067596435547
2021-05-20,24.72159194946289
2021-05-21,24.94430923461914
2021-05-24,25.0556640625
2021-05-25,24.638072967529297
2021-05-26,25.092788696289062
2021-05-27,26.4105281829834
2021-05-28,26.47549057006836
2021-06-01,25.231985092163086
2021-06-02,26.429088592529297
2021-06-03,27.217880249023438
2021-06-04,27.162199020385742
2021-06-07,26.902362823486328
2021-06-08,27.041561126708984
2021-06-09,26.63324546813965
2021-06-10,26.735326766967773
2021-06-11,27.19003677368164
2021-06-14,26.698205947875977
2021-06-15,26.91164207458496
2021-06-16,26.64252471923828
2021-06-17,25.250545501708984
2021-06-18,24.359676361083984
2021-06-21,24.962865829467773
2021-06-22,24.64735221862793
2021-06-23,24.758710861206055
2021-06-24,25.24126434326172
2021-06-25,25.445423126220703
2021-06-28,25.17630386352539
2021-06-29,24.610231399536133
2021-06-30,24.80510902404785
2021-07-01,25.00926971435547
2021-07-02,24.52671241760254
2021-07-06,24.146238327026367
2021-07-07,24.239038467407227
2021-07-08,23.35744857788086
2021-07-09,24.433914184570312
2021-07-12,24.786550521850586
2021-07-13,24.52671241760254
2021-07-14,24.146238327026367
2021-07-15,23.969921112060547
2021-07-16,23.218250274658203
2021-07-19,22.531543731689453
2021-07-20,23.320331573486328
2021-07-21,23.812162399291992
2021-07-22,23.320331573486328
2021-07-23,23.03265380859375
2021-07-26,23.264650344848633
2021-07-27,22.512983322143555
2021-07-28,22.40162467956543
2021-07-29,22.59650230407715
2021-07-30,22.624338150024414
2021-08-02,22.661460876464844
2021-08-03,22.735700607299805
2021-08-04,22.290266036987305
2021-08-05,22.59650230407715
2021-08-06,23.03265380859375
2021-08-09,23.05121612548828
2021-08-10,23.10689353942871
2021-08-11,23.821441650390625
2021-08-12,23.45711326599121
2021-08-13,23.214231491088867
2021-08-16,23.54119110107422
2021-08-17,23.027395248413086
2021-08-18,22.52294158935547
2021-08-19,21.878360748291016
2021-08-20,22.410839080810547
2021-08-23,22.887271881103516
2021-08-24,23.345012664794922
2021-08-25,23.67197608947754
2021-08-26,23.316987991333008
2021-08-27,23.99893569946289
2021-08-30,23.475799560546875
2021-08-31,23.653291702270508
2021-09-01,23.50382423400879
2021-09-02,23.653291702270508
2021-09-03,23.24225425720215
2021-09-07,23.11147117614746
2021-09-08,22.924636840820312
2021-09-09,23.148841857910156
2021-09-10,22.980688095092773
2021-09-13,23.32632827758789
2021-09-14,23.307647705078125
2021-09-15,23.868148803710938
2021-09-16,23.251596450805664
2021-09-17,24.52207374572754
2021-09-20,22.39215660095215
2021-09-21,22.158613204956055
2021-09-22,22.69109344482422
2021-09-23,23.214231491088867
2021-09-24,23.29830551147461
2021-09-27,23.877490997314453
2021-09-28,23.279621124267578
2021-09-29,22.980688095092773
2021-09-30,22.52294158935547
2021-10-01,22.97134780883789
2021-10-04,22.513601303100586
2021-10-05,23.69999885559082
2021-10-06,23.662633895874023
2021-10-07,23.69999885559082
2021-10-08,23.382381439208984
2021-10-11,23.167522430419922
2021-10-12,22.63504409790039
2021-10-13,22.849903106689453
2021-10-14,23.513164520263672
2021-10-15,23.429088592529297
2021-10-18,23.102130889892578
2021-10-19,23.35435676574707
2021-10-20,23.746707916259766
2021-10-21,23.35435676574707
2021-10-22,23.46645736694336
2021-10-25,23.120813369750977
2021-10-26,23.8868350982666
2021-10-27,23.29830551147461
2021-10-28,23.81209945678711
2021-10-29,23.737369537353516
2021-11-01,24.78364372253418
2021-11-02,24.55944061279297
2021-11-03,24.72759246826172
2021-11-04,24.223134994506836
2021-11-05,24.269847869873047
2021-11-08,24.531415939331055
2021-11-09,24.29787254333496
2021-11-10,24.00637435913086
2021-11-11,24.26966094970703
2021-11-12,24.598773956298828
2021-11-15,24.551759719848633
2021-11-16,24.156824111938477
2021-11-17,23.451583862304688
2021-11-18,23.075456619262695
2021-11-19,22.708730697631836
2021-11-22,22.86858558654785
2021-11-23,23.00023078918457
2021-11-24,22.953214645385742
2021-11-26,21.749603271484375
2021-11-29,21.85304069519043
2021-11-30,20.997346878051758
2021-12-01,20.658832550048828
2021-12-02,21.392282485961914
2021-12-03,21.091381072998047
2021-12-06,21.411090850830078
2021-12-07,21.994089126586914
2021-12-08,22.200960159301758
2021-12-09,21.8248291015625
2021-12-10,21.75900650024414
2021-12-13,21.458105087280273
2021-12-14,21.35466766357422
2021-12-15,21.533329010009766
2021-12-16,21.35466766357422
2021-12-17,21.260639190673828
2021-12-20,20.46136474609375
2021-12-21,21.38287925720215
2021-12-22,21.439298629760742
2021-12-23,21.947072982788086
2021-12-27,22.1445369720459
2021-12-28,22.125734329223633
2021-12-29,21.96588134765625
2021-12-30,21.8248291015625
2021-12-31,21.646169662475586
2022-01-03,21.900056838989258
2022-01-04,22.859180450439453
2022-01-05,22.27618408203125
2022-01-06,22.699329376220703
2022-01-07,23.075456619262695
2022-01-10,22.718135833740234
2022-01-11,23.3387451171875
2022-01-12,23.23531150817871
2022-01-13,23.291732788085938
2022-01-14,23.40456771850586
2022-01-18,22.61469841003418
2022-01-19,21.862443923950195
2022-01-20,21.288846969604492
2022-01-21,20.6306209564209
2022-01-24,20.282703399658203
2022-01-25,20.066431045532227
2022-01-26,20.010009765625
2022-01-27,20.292104721069336
2022-01-28,20.42375373840332
2022-01-31,21.307655334472656
2022-02-01,21.072572708129883
2022-02-02,20.912717819213867
2022-02-03,20.922122955322266
2022-02-04,21.46750831604004
2022-02-07,21.60855484008789
2022-02-08,21.711994171142578
2022-02-09,22.219764709472656
2022-02-10,22.003490447998047
2022-02-11,21.46750831604004
2022-02-14,21.458105087280273
2022-02-15,22.102323532104492
2022-02-16,22.33916664123535
2022-02-17,21.211788177490234
2022-02-18,21.28757667541504
2022-02-22,20.624414443969727
2022-02-23,20.027565002441406
2022-02-24,19.913881301879883
2022-02-25,20.643362045288086
2022-02-28,20.12230110168457
2022-03-01,18.672813415527344
2022-03-02,19.45914077758789
2022-03-03,19.004398345947266
2022-03-04,17.952810287475586
2022-03-07,17.65911865234375
2022-03-08,18.350706100463867
2022-03-09,19.013870239257812
2022-03-10,19.004398345947266
2022-03-11,18.985448837280273
2022-03-14,19.241241455078125
2022-03-15,19.2222957611084
2022-03-16,20.150724411010742
2022-03-17,20.17914390563965
2022-03-18,20.273883819580078
2022-03-21,20.169673919677734
2022-03-22,20.49178123474121
2022-03-23,20.368621826171875
2022-03-24,20.681257247924805
2022-03-25,20.937049865722656
2022-03-28,21.211788177490234
2022-03-29,22.111797332763672
2022-03-30,22.187585830688477
2022-03-31,21.84653091430664
2022-04-01,22.0833740234375
2022-04-04,21.979164123535156
2022-04-05,21.420211791992188
2022-04-06,20.520200729370117
2022-04-07,20.217041015625
2022-04-08,20.47283363342285
2022-04-11,20.349672317504883
2022-04-12,19.9991455078125
2022-04-13,20.340200424194336
2022-04-14,19.89493179321289
2022-04-18,20.03704071044922
2022-04-19,20.595993041992188
2022-04-20,20.595993041992188
2022-04-21,20.17914390563965
2022-04-22,19.544403076171875
2022-04-25,19.69598388671875
2022-04-26,18.028596878051758
2022-04-27,17.715961456298828
2022-04-28,18.284387588500977
2022-04-29,17.412803649902344
2022-05-02,17.810699462890625
2022-05-03,18.21807289123535
2022-05-04,18.90018653869629
2022-05-05,17.85807228088379
2022-05-06,17.488590240478516
2022-05-09,16.9506893157959
2022-05-10,16.912403106689453
2022-05-11,16.309415817260742
2022-05-12,16.539125442504883
2022-05-13,17.075115203857422
2022-05-16,16.931547164916992
2022-05-17,17.84081268310547
2022-05-18,17.2091121673584
2022-05-19,17.247398376464844
2022-05-20,17.773815155029297
2022-05-23,17.89824104309082
2022-05-24,17.65896224975586
2022-05-25,17.821672439575195
2022-05-26,18.415088653564453
2022-05-27,18.702226638793945
2022-05-31,18.510801315307617
2022-06-01,18.252378463745117
2022-06-02,18.415088653564453
2022-06-03,17.89824104309082
2022-06-06,18.11838150024414
2022-06-07,18.28109359741211
2022-06-08,17.72595977783203
2022-06-09,17.285680770874023
2022-06-10,16.539125442504883
2022-06-13,15.2470064163208
2022-06-14,15.54371452331543
2022-06-15,15.715996742248535
2022-06-16,15.285289764404297
2022-06-17,15.42885971069336
2022-06-21,15.849992752075195
2022-06-22,15.888279914855957
2022-06-23,15.974422454833984
2022-06-24,16.615694046020508
2022-06-27,16.606124877929688
2022-06-28,16.36684226989746
2022-06-29,15.754281044006348
2022-06-30,15.438429832458496
2022-07-01,15.715996742248535
2022-07-05,15.68728256225586
2022-07-06,15.294861793518066
2022-07-07,15.68728256225586
2022-07-08,15.514999389648438
2022-07-11,15.017294883728027
2022-07-12,15.218291282653809
2022-07-13,14.969438552856445
2022-07-14,14.988582611083984
2022-07-15,15.54371452331543
2022-07-18,15.495859146118164
2022-07-19,16.137130737304688
2022-07-20,16.42426872253418
2022-07-21,16.44341278076172
2022-07-22,16.376415252685547
2022-07-25,16.472126007080078
2022-07-26,16.05099105834961
2022-07-27,15.955279350280762
2022-07-28,16.51041030883789
2022-07-29,16.97940444946289
2022-08-01,17.27610969543457
2022-08-02,16.90283203125
2022-08-03,17.13254165649414
2022-08-04,17.036828994750977
2022-08-05,17.15168571472168
2022-08-08,17.32396697998047
2022-08-09,17.084686279296875
2022-08-10,17.591962814331055
2022-08-11,17.8801326751709
2022-08-12,18.441001892089844
2022-08-15,18.315290451049805
2022-08-16,18.315290451049805
2022-08-17,18.015514373779297
2022-08-18,18.063867568969727
2022-08-19,17.50299644470215
2022-08-22,17.03883171081543
2022-08-23,17.067840576171875
2022-08-24,17.11618995666504
2022-08-25,17.377283096313477
2022-08-26,16.690704345703125
2022-08-29,16.419937133789062
2022-08-30,16.207195281982422
2022-08-31,15.926759719848633
2022-09-01,15.830060005187988
2022-09-02,15.714016914367676
2022-09-06,15.888078689575195
2022-09-07,16.023462295532227
2022-09-08,16.787405014038086
2022-09-09,17.00014877319336
2022-09-12,17.23223114013672
2022-09-13,15.97511100769043
2022-09-14,15.781707763671875
2022-09-15,15.839728355407715
2022-09-16,15.559293746948242
2022-09-19,16.303895950317383
2022-09-20,15.830060005187988
2022-09-21,15.48193359375
2022-09-22,15.095126152038574
2022-09-23,14.717988967895508
2022-09-26,14.331182479858398
2022-09-27,14.070089340209961
2022-09-28,14.24415111541748
2022-09-29,13.663942337036133
2022-09-30,13.248124122619629
2022-10-03,13.87668514251709
2022-10-04,14.814690589904785
2022-10-05,14.746999740600586
2022-10-06,14.476235389709473
2022-10-07,13.896026611328125
2022-10-10,13.954047203063965
2022-10-11,13.663942337036133
2022-10-12,13.412517547607422
2022-10-13,14.031408309936523
2022-10-14,13.80899429321289
2022-10-17,14.224811553955078
2022-10-18,14.437555313110352
2022-10-19,14.157120704650879
2022-10-20,13.93470573425293
2022-10-21,14.398874282836914
2022-10-24,14.553596496582031
2022-10-25,14.553596496582031
2022-10-26,14.601947784423828
2022-10-27,14.650298118591309
2022-10-28,14.90172290802002
2022-10-31,14.814690589904785
2022-11-01,15.046775817871094
2022-11-02,14.921063423156738
2022-11-03,14.563267707824707
2022-11-04,15.211167335510254
2022-11-07,15.655996322631836
2022-11-08,15.965441703796387
2022-11-09,15.562440872192383
2022-11-10,18.34040069580078
2022-11-11,19.338117599487305
2022-11-14,18.692537307739258
2022-11-15,18.907730102539062
2022-11-16,18.38930892944336
2022-11-17,18.3697452545166
2022-11-18,18.5262508392334
2022-11-21,18.496906280517578
2022-11-22,18.770790100097656
2022-11-23,18.888166427612305
2022-11-25,18.985980987548828
2022-11-28,18.28171157836914
2022-11-29,18.428436279296875
2022-11-30,18.692537307739258
2022-12-01,19.00554656982422
2022-12-02,18.672971725463867
2022-12-05,18.183897018432617
2022-12-06,18.10564422607422
2022-12-07,17.958921432495117
2022-12-08,18.10564422607422
2022-12-09,17.949138641357422
2022-12-12,18.477340698242188
2022-12-13,19.18161392211914
2022-12-14,19.09358024597168
2022-12-15,18.58493995666504
2022-12-16,17.988264083862305
2022-12-19,17.704599380493164
2022-12-20,17.616565704345703
2022-12-21,18.1447696685791
2022-12-22,17.870887756347656
2022-12-23,17.97848129272461
2022-12-27,17.9197940826416
2022-12-28,17.48940658569336
2022-12-29,17.900230407714844
2022-12-30,17.597002029418945
2023-01-03,17.821977615356445
2023-01-04,18.56537628173828
2023-01-05,18.271930694580078
2023-01-06,18.751224517822266
2023-01-09,18.849040985107422
2023-01-10,19.09358024597168
2023-01-11,19.338117599487305
2023-01-12,19.142486572265625
2023-01-13,18.966419219970703
2023-01-17,18.73166275024414
2023-01-18,18.61428451538086
2023-01-19,18.174114227294922
2023-01-20,18.555593490600586
2023-01-23,18.487123489379883
2023-01-24,18.115427017211914
2023-01-25,17.60678482055664
2023-01-26,18.066516876220703
2023-01-27,17.900230407714844
2023-01-30,17.68503761291504
2023-01-31,18.10564422607422
2023-02-01,18.50668716430664
2023-02-02,19.768505096435547
2023-02-03,19.602222442626953
2023-02-06,18.985980987548828
2023-02-07,19.18161392211914
2023-02-08,18.575157165527344
2023-02-09,18.086078643798828
2023-02-10,18.330617904663086
2023-02-13,18.79034996032715
2023-02-14,18.58493995666504
2023-02-15,18.553325653076172
2023-02-16,18.237186431884766
2023-02-17,18.484169006347656
2023-02-21,17.506118774414062
2023-02-22,17.39744758605957
2023-02-23,17.52587890625
2023-02-24,17.31841278076172
2023-02-27,17.259136199951172
2023-02-28,17.44684410095215
2023-03-01,17.31841278076172
2023-03-02,17.338171005249023
2023-03-03,17.68394660949707
2023-03-06,17.357929229736328
2023-03-07,16.962759017944336
2023-03-08,17.130706787109375
2023-03-09,16.824447631835938
2023-03-10,16.211931228637695
2023-03-13,15.836518287658691
2023-03-14,16.043983459472656
2023-03-15,15.826639175415039
2023-03-16,15.85627555847168
2023-03-17,15.372191429138184
2023-03-20,15.263518333435059
2023-03-21,15.826639175415039
2023-03-22,15.273397445678711
2023-03-23,14.858467102050781
2023-03-24,14.868346214294434
2023-03-27,15.15484619140625
2023-03-28,15.431466102600098
2023-03-29,15.866155624389648
2023-03-30,15.915553092956543
2023-03-31,16.202051162719727
2023-04-03,16.004467010498047
2023-04-04,15.609293937683105
2023-04-05,15.520380020141602
2023-04-06,15.62905216217041
2023-04-10,15.787120819091797
2023-04-11,16.123016357421875
2023-04-12,15.935310363769531
2023-04-13,16.429275512695312
2023-04-14,16.68613624572754
2023-04-17,16.98251724243164
2023-04-18,17.199861526489258
2023-04-19,17.259136199951172
2023-04-20,16.99239730834961
2023-04-21,16.863964080810547
2023-04-24,16.646621704101562
2023-04-25,16.59722328186035
2023-04-26,16.73553466796875
2023-04-27,17.02203369140625
2023-04-28,16.923240661621094
2023-05-01,16.57746696472168
2023-05-02,16.221811294555664
2023-05-03,16.261327743530273
2023-05-04,15.84639835357666
2023-05-05,16.369998931884766
2023-05-08,16.290000915527344
2023-05-09,16.190000534057617
2023-05-10,15.930000305175781
2023-05-11,15.399999618530273
