Date,PRK
2013-01-02,43.24126052856445
2013-01-03,43.000125885009766
2013-01-04,43.32598876953125
2013-01-07,42.88932800292969
2013-01-08,43.123958587646484
2013-01-09,42.98057556152344
2013-01-10,42.961029052734375
2013-01-11,42.76551818847656
2013-01-14,42.94800567626953
2013-01-15,42.85675811767578
2013-01-16,42.60258102416992
2013-01-17,42.94147872924805
2013-01-18,42.73944091796875
2013-01-22,43.18260192871094
2013-01-23,42.9154052734375
2013-01-24,42.97406005859375
2013-01-25,42.81112289428711
2013-01-28,43.000125885009766
2013-01-29,42.772029876708984
2013-01-30,42.459205627441406
2013-01-31,42.65471649169922
2013-02-01,42.99361801147461
2013-02-04,42.687313079833984
2013-02-05,42.94800567626953
2013-02-06,42.88932800292969
2013-02-07,42.88932800292969
2013-02-08,43.06529998779297
2013-02-11,43.28688430786133
2013-02-12,43.63228988647461
2013-02-13,43.925559997558594
2013-02-14,44.336143493652344
2013-02-15,44.336143493652344
2013-02-19,44.86402893066406
2013-02-20,44.21650695800781
2013-02-21,44.3949089050293
2013-02-22,44.48741149902344
2013-02-25,43.65488052368164
2013-02-26,43.859710693359375
2013-02-27,43.707740783691406
2013-02-28,43.59542465209961
2013-03-01,43.826663970947266
2013-03-04,43.42362594604492
2013-03-05,43.489681243896484
2013-03-06,43.76060485839844
2013-03-07,44.2363395690918
2013-03-08,44.262752532958984
2013-03-11,44.269371032714844
2013-03-12,44.28919219970703
2013-03-13,44.269371032714844
2013-03-14,44.52705764770508
2013-03-15,46.053348541259766
2013-03-18,45.253868103027344
2013-03-19,45.14813995361328
2013-03-20,45.1613655090332
2013-03-21,45.07548141479492
2013-03-22,45.524757385253906
2013-03-25,46.013710021972656
2013-03-26,46.25157165527344
2013-03-27,46.205326080322266
2013-03-28,46.112815856933594
2013-04-01,45.67673873901367
2013-04-02,45.03582763671875
2013-04-03,44.57330322265625
2013-04-04,45.009395599365234
2013-04-05,44.79795837402344
2013-04-08,44.9102783203125
2013-04-09,44.37509536743164
2013-04-10,45.4851188659668
2013-04-11,45.095298767089844
2013-04-12,45.174564361572266
2013-04-15,44.269371032714844
2013-04-16,44.63277053833008
2013-04-17,43.74078369140625
2013-04-18,43.60863494873047
2013-04-19,44.5402717590332
2013-04-22,44.11738967895508
2013-04-23,45.194400787353516
2013-04-24,45.062259674072266
2013-04-25,45.128318786621094
2013-04-26,44.67902374267578
2013-04-29,44.93672180175781
2013-04-30,45.181190490722656
2013-05-01,43.6152458190918
2013-05-02,44.46759033203125
2013-05-03,45.088687896728516
2013-05-06,45.59083938598633
2013-05-07,46.41014862060547
2013-05-08,46.11943817138672
2013-05-09,45.92121505737305
2013-05-10,46.007102966308594
2013-05-13,46.324256896972656
2013-05-14,46.85284423828125
2013-05-15,46.991600036621094
2013-05-16,47.308753967285156
2013-05-17,47.29554748535156
2013-05-20,47.53658676147461
2013-05-21,47.37588882446289
2013-05-22,46.324745178222656
2013-05-23,46.605926513671875
2013-05-24,46.753231048583984
2013-05-28,46.90720748901367
2013-05-29,46.244384765625
2013-05-30,46.873741149902344
2013-05-31,46.251075744628906
2013-06-03,47.45622634887695
2013-06-04,46.57913589477539
2013-06-05,46.18412780761719
2013-06-06,46.61931610107422
2013-06-07,46.49879455566406
2013-06-10,47.03443908691406
2013-06-11,46.753231048583984
2013-06-12,46.364906311035156
2013-06-13,47.18843078613281
2013-06-14,46.43855285644531
2013-06-17,46.22428894042969
2013-06-18,46.66617965698242
2013-06-19,46.431846618652344
2013-06-20,46.17742919921875
2013-06-21,45.92969512939453
2013-06-24,45.56147384643555
2013-06-25,47.02103042602539
2013-06-26,46.532283782958984
2013-06-27,46.7331428527832
2013-06-28,46.05690383911133
2013-07-01,47.36920166015625
2013-07-02,47.663787841796875
2013-07-03,48.092288970947266
2013-07-05,48.89571762084961
2013-07-08,50.21469497680664
2013-07-09,51.02481460571289
2013-07-10,51.051605224609375
2013-07-11,50.31511306762695
2013-07-12,50.20800018310547
2013-07-15,50.6833610534668
2013-07-16,50.616397857666016
2013-07-17,50.95784378051758
2013-07-18,51.6073112487793
2013-07-19,52.062591552734375
2013-07-22,52.49108123779297
2013-07-23,53.187400817871094
2013-07-24,53.56233596801758
2013-07-25,53.56903839111328
2013-07-26,53.23429489135742
2013-07-29,52.75890350341797
2013-07-30,52.839237213134766
2013-07-31,52.82585525512695
2013-08-01,53.749794006347656
2013-08-02,53.3681640625
2013-08-05,53.57571792602539
2013-08-06,53.475303649902344
2013-08-07,53.35478973388672
2013-08-08,53.595821380615234
2013-08-09,53.58241653442383
2013-08-12,53.95735549926758
2013-08-13,53.649375915527344
2013-08-14,53.58241653442383
2013-08-15,53.113746643066406
2013-08-16,53.56233596801758
2013-08-19,53.53554916381836
2013-08-20,54.27204513549805
2013-08-21,53.69625473022461
2013-08-22,54.18397521972656
2013-08-23,54.03493881225586
2013-08-26,53.764015197753906
2013-08-27,52.280521392822266
2013-08-28,52.036659240722656
2013-08-29,52.57181930541992
2013-08-30,51.542171478271484
2013-09-03,52.063751220703125
2013-09-04,52.53115463256836
2013-09-05,52.89692306518555
2013-09-06,52.83598327636719
2013-09-09,53.215309143066406
2013-09-10,54.33978271484375
2013-09-11,53.74365997314453
2013-09-12,53.19498062133789
2013-09-13,53.52016067504883
2013-09-16,53.85205078125
2013-09-17,54.055274963378906
2013-09-18,53.68948745727539
2013-09-19,52.84275436401367
2013-09-20,53.1746711730957
2013-09-23,53.24918746948242
2013-09-24,53.50659942626953
2013-09-25,53.55400466918945
2013-09-26,53.824954986572266
2013-09-27,53.56078338623047
2013-09-30,53.56755065917969
2013-10-01,54.18397521972656
2013-10-02,53.68948745727539
2013-10-03,52.90372848510742
2013-10-04,53.12725830078125
2013-10-07,52.246646881103516
2013-10-08,51.84021759033203
2013-10-09,52.104408264160156
2013-10-10,53.5472412109375
2013-10-11,54.49558639526367
2013-10-14,54.868141174316406
2013-10-15,54.28559494018555
2013-10-16,54.64459228515625
2013-10-17,54.51589584350586
2013-10-18,54.868141174316406
2013-10-21,54.67169189453125
2013-10-22,54.92231750488281
2013-10-23,54.85459518432617
2013-10-24,54.881675720214844
2013-10-25,54.53620910644531
2013-10-28,54.90199661254883
2013-10-29,54.441383361816406
2013-10-30,54.475242614746094
2013-10-31,53.662391662597656
2013-11-01,54.06205749511719
2013-11-04,54.0146369934082
2013-11-05,53.6691780090332
2013-11-06,53.953670501708984
2013-11-07,53.68271255493164
2013-11-08,54.868141174316406
2013-11-11,54.43460464477539
2013-11-12,54.123008728027344
2013-11-13,54.31267166137695
2013-11-14,54.475242614746094
2013-11-15,54.59718322753906
2013-11-18,54.80716323852539
2013-11-19,54.996822357177734
2013-11-20,55.3806037902832
2013-11-21,56.655311584472656
2013-11-22,56.675872802734375
2013-11-25,56.86776351928711
2013-11-26,57.24466323852539
2013-11-27,57.99168395996094
2013-11-29,57.86832046508789
2013-12-02,56.956851959228516
2013-12-03,56.49082946777344
2013-12-04,56.34006118774414
2013-12-05,56.43600845336914
2013-12-06,57.20358657836914
2013-12-09,56.81294250488281
2013-12-10,55.96998977661133
2013-12-11,55.414878845214844
2013-12-12,55.565643310546875
2013-12-13,55.510841369628906
2013-12-16,56.73755645751953
2013-12-17,55.96998977661133
2013-12-18,56.710121154785156
2013-12-19,55.764400482177734
2013-12-20,57.63529968261719
2013-12-23,58.183555603027344
2013-12-24,58.17671203613281
2013-12-26,58.087623596191406
2013-12-27,58.48509979248047
2013-12-30,57.875179290771484
2013-12-31,58.300079345703125
2014-01-02,56.593624114990234
2014-01-03,56.81978988647461
2014-01-06,55.915164947509766
2014-01-07,56.83349609375
2014-01-08,55.935726165771484
2014-01-09,56.23726272583008
2014-01-10,55.922027587890625
2014-01-13,55.613616943359375
2014-01-14,55.613616943359375
2014-01-15,56.120765686035156
2014-01-16,55.832923889160156
2014-01-17,55.901466369628906
2014-01-21,57.06648635864258
2014-01-22,57.29265594482422
2014-01-23,56.778656005859375
2014-01-24,56.34006118774414
2014-01-27,56.42915344238281
2014-01-28,55.5245361328125
2014-01-29,54.147056579589844
2014-01-30,54.537654876708984
2014-01-31,53.660457611083984
2014-02-03,52.25556945800781
2014-02-04,52.69417190551758
2014-02-05,52.00198745727539
2014-02-06,52.262428283691406
2014-02-07,52.235008239746094
2014-02-10,52.34464645385742
2014-02-11,52.76955032348633
2014-02-12,52.433753967285156
2014-02-13,52.96144485473633
2014-02-14,53.07109832763672
2014-02-18,53.45487594604492
2014-02-19,52.1021842956543
2014-02-20,52.62245559692383
2014-02-21,52.6640739440918
2014-02-24,53.191280364990234
2014-02-25,53.156578063964844
2014-02-26,53.72541046142578
2014-02-27,53.926578521728516
2014-02-28,54.148555755615234
2014-03-03,53.24676513671875
2014-03-04,55.00870895385742
2014-03-05,54.96015930175781
2014-03-06,54.59942626953125
2014-03-07,55.00870895385742
2014-03-10,55.20292282104492
2014-03-11,54.64799499511719
2014-03-12,54.78672790527344
2014-03-13,53.9473762512207
2014-03-14,53.88496017456055
2014-03-17,54.03062438964844
2014-03-18,54.56475067138672
2014-03-19,54.50926971435547
2014-03-20,55.15439987182617
2014-03-21,53.45486068725586
2014-03-24,53.57278823852539
2014-03-25,53.780887603759766
2014-03-26,52.62938690185547
2014-03-27,52.22705841064453
2014-03-28,52.067527770996094
2014-03-31,53.33694839477539
2014-04-01,54.40522003173828
2014-04-02,53.96818923950195
2014-04-03,53.62828063964844
2014-04-04,52.3865966796875
2014-04-07,52.15769577026367
2014-04-08,52.0258903503418
2014-04-09,52.178497314453125
2014-04-10,51.27672576904297
2014-04-11,50.81196975708008
2014-04-14,51.19347381591797
2014-04-15,51.221221923828125
2014-04-16,51.08941650390625
2014-04-17,51.63050079345703
2014-04-21,51.9911994934082
2014-04-22,52.24093246459961
2014-04-23,51.90797424316406
2014-04-24,51.40158462524414
2014-04-25,50.63853073120117
2014-04-28,50.81196975708008
2014-04-29,50.465118408203125
2014-04-30,50.30556869506836
2014-05-01,50.4720573425293
2014-05-02,50.48591232299805
2014-05-05,50.36106872558594
2014-05-06,49.604957580566406
2014-05-07,50.45817184448242
2014-05-08,49.68817138671875
2014-05-09,50.7980842590332
2014-05-12,52.1021842956543
2014-05-13,51.33220672607422
2014-05-14,49.84775161743164
2014-05-15,49.5564079284668
2014-05-16,49.77836990356445
2014-05-19,50.72872543334961
2014-05-20,50.36798858642578
2014-05-21,50.88103103637695
2014-05-22,51.02861404418945
2014-05-23,51.647037506103516
2014-05-27,52.28656768798828
2014-05-28,52.44120407104492
2014-05-29,52.47632598876953
2014-05-30,52.4622802734375
2014-06-02,52.3779296875
2014-06-03,52.47632598876953
2014-06-04,52.11790084838867
2014-06-05,53.29856491088867
2014-06-06,54.177040100097656
2014-06-09,55.463130950927734
2014-06-10,55.58259582519531
2014-06-11,54.43708038330078
2014-06-12,53.818626403808594
2014-06-13,53.642948150634766
2014-06-16,54.155967712402344
2014-06-17,55.11173629760742
2014-06-18,54.971195220947266
2014-06-19,55.048500061035156
2014-06-20,55.167964935302734
2014-06-23,55.224205017089844
2014-06-24,55.006317138671875
2014-06-25,55.069580078125
2014-06-26,55.167964935302734
2014-06-27,53.98027801513672
2014-06-30,54.254356384277344
2014-07-01,54.816585540771484
2014-07-02,54.66899108886719
2014-07-03,55.301490783691406
2014-07-07,54.542503356933594
2014-07-08,54.03649139404297
2014-07-09,54.24733352661133
2014-07-10,53.23534393310547
2014-07-11,52.91908645629883
2014-07-14,53.22830581665039
2014-07-15,53.28451919555664
2014-07-16,52.94718551635742
2014-07-17,51.54164505004883
2014-07-18,52.427146911621094
2014-07-21,51.87897872924805
2014-07-22,52.15305709838867
2014-07-23,52.20223617553711
2014-07-24,52.708248138427734
2014-07-25,52.427146911621094
2014-07-28,52.28656768798828
2014-07-29,53.31966018676758
2014-07-30,53.63591003417969
2014-07-31,52.94718551635742
2014-08-01,52.216304779052734
2014-08-04,52.63096237182617
2014-08-05,52.92611312866211
2014-08-06,53.64995574951172
2014-08-07,53.05259323120117
2014-08-08,53.68509292602539
2014-08-11,53.994327545166016
2014-08-12,53.77646255493164
2014-08-13,54.423030853271484
2014-08-14,54.02245330810547
2014-08-15,53.89593505859375
2014-08-18,54.605743408203125
2014-08-19,54.95011901855469
2014-08-20,54.54466247558594
2014-08-21,55.184837341308594
2014-08-22,55.14216232299805
2014-08-25,55.02835464477539
2014-08-26,55.433799743652344
2014-08-27,55.440940856933594
2014-08-28,54.871856689453125
2014-08-29,55.36979293823242
2014-09-02,55.48360824584961
2014-09-03,55.23463821411133
2014-09-04,55.12793731689453
2014-09-05,55.39112091064453
2014-09-08,55.5191764831543
2014-09-09,55.02122497558594
2014-09-10,55.917510986328125
2014-09-11,56.550594329833984
2014-09-12,55.746788024902344
2014-09-15,55.28443908691406
2014-09-16,55.54762268066406
2014-09-17,55.5689697265625
2014-09-18,56.031314849853516
2014-09-19,55.41246795654297
2014-09-22,54.772274017333984
2014-09-23,54.20319747924805
2014-09-24,54.573089599609375
2014-09-25,54.060935974121094
2014-09-26,54.23876953125
2014-09-29,54.309913635253906
2014-09-30,53.64836502075195
2014-10-01,53.449195861816406
2014-10-02,53.8475456237793
2014-10-03,54.01113510131836
2014-10-06,53.4563102722168
2014-10-07,52.90148162841797
2014-10-08,53.8475456237793
2014-10-09,52.86592102050781
2014-10-10,52.80189514160156
2014-10-13,54.00403594970703
2014-10-14,55.07103729248047
2014-10-15,54.16053771972656
2014-10-16,55.2275390625
2014-10-17,54.772274017333984
2014-10-20,55.1492805480957
2014-10-21,56.01710510253906
2014-10-22,55.27020263671875
2014-10-23,56.223392486572266
2014-10-24,55.84638977050781
2014-10-27,56.57194137573242
2014-10-28,58.328914642333984
2014-10-29,59.39589309692383
2014-10-30,59.730220794677734
2014-10-31,60.0147590637207
2014-11-03,59.94362258911133
2014-11-04,59.93650817871094
2014-11-05,60.33486557006836
2014-11-06,60.99641418457031
2014-11-07,60.975067138671875
2014-11-10,61.174217224121094
2014-11-11,61.10311508178711
2014-11-12,61.86423873901367
2014-11-13,61.195556640625
2014-11-14,60.67630386352539
2014-11-17,60.320648193359375
2014-11-18,60.51979064941406
2014-11-19,58.887081146240234
2014-11-20,59.771759033203125
2014-11-21,59.27545928955078
2014-11-24,60.32560348510742
2014-11-25,60.2608642578125
2014-11-26,60.40471649169922
2014-11-28,58.5777587890625
2014-12-01,57.995147705078125
2014-12-02,59.685447692871094
2014-12-03,60.354373931884766
2014-12-04,60.05945587158203
2014-12-05,61.181541442871094
2014-12-08,61.34697341918945
2014-12-09,62.46904373168945
2014-12-10,60.48384094238281
2014-12-11,61.13837814331055
2014-12-12,60.13861083984375
2014-12-15,59.886844635009766
2014-12-16,60.390323638916016
2014-12-17,62.57693099975586
2014-12-18,63.29622268676758
2014-12-19,62.25328063964844
2014-12-22,62.368350982666016
2014-12-23,63.0516471862793
2014-12-24,63.08042526245117
2014-12-26,63.720577239990234
2014-12-29,64.60529327392578
2014-12-30,63.92918014526367
2014-12-31,63.64146041870117
2015-01-02,63.00849151611328
2015-01-05,61.4764289855957
2015-01-06,60.07384490966797
2015-01-07,59.519996643066406
2015-01-08,60.94417190551758
2015-01-09,59.55596923828125
2015-01-12,59.34020233154297
2015-01-13,59.34740447998047
2015-01-14,59.34020233154297
2015-01-15,58.41953659057617
2015-01-16,59.05967712402344
2015-01-20,58.038330078125
2015-01-21,57.549198150634766
2015-01-22,60.17454528808594
2015-01-23,59.57754135131836
2015-01-26,59.872459411621094
2015-01-27,59.33299255371094
2015-01-28,57.39815902709961
2015-01-29,59.865264892578125
2015-01-30,57.836910247802734
2015-02-02,59.7142219543457
2015-02-03,61.03770065307617
2015-02-04,60.929805755615234
2015-02-05,61.85044860839844
2015-02-06,62.389915466308594
2015-02-09,61.44767761230469
2015-02-10,61.49803924560547
2015-02-11,61.181541442871094
2015-02-12,62.389915466308594
2015-02-13,62.42588424682617
2015-02-17,62.792724609375
2015-02-18,62.087432861328125
2015-02-19,61.992916107177734
2015-02-20,62.858158111572266
2015-02-23,62.254661560058594
2015-02-24,62.76362228393555
2015-02-25,62.24739074707031
2015-02-26,62.64728546142578
2015-02-27,61.89111328125
2015-03-02,62.705467224121094
2015-03-03,62.254661560058594
2015-03-04,61.8038444519043
2015-03-05,62.17469787597656
2015-03-06,61.694786071777344
2015-03-09,61.95653533935547
2015-03-10,60.89496994018555
2015-03-11,61.389400482177734
2015-03-12,62.014713287353516
2015-03-13,61.74569320678711
2015-03-16,61.76750183105469
2015-03-17,61.42576599121094
2015-03-18,61.09855270385742
2015-03-19,60.76409912109375
2015-03-20,62.1237907409668
2015-03-23,61.23672103881836
2015-03-24,61.03311538696289
2015-03-25,60.851348876953125
2015-03-26,61.39667892456055
2015-03-27,61.418495178222656
2015-03-30,62.051063537597656
2015-03-31,62.21104049682617
2015-04-01,62.596378326416016
2015-04-02,62.661827087402344
2015-04-06,62.50187683105469
2015-04-07,62.34919357299805
2015-04-08,62.54549789428711
2015-04-09,62.661827087402344
2015-04-10,62.89453125
2015-04-13,63.258056640625
2015-04-14,63.0254020690918
2015-04-15,63.41075897216797
2015-04-16,63.4907341003418
2015-04-17,62.261940002441406
2015-04-20,63.098079681396484
2015-04-21,62.785430908203125
2015-04-22,63.03266143798828
2015-04-23,63.018131256103516
2015-04-24,62.49460220336914
2015-04-27,61.57117462158203
2015-04-28,62.00745391845703
2015-04-29,61.36760330200195
2015-04-30,60.02971267700195
2015-05-01,59.38261032104492
2015-05-04,60.68410873413086
2015-05-05,60.182403564453125
2015-05-06,60.21147537231445
2015-05-07,60.53143310546875
2015-05-08,60.51688003540039
2015-05-11,60.7713508605957
2015-05-12,60.5532341003418
2015-05-13,60.4732666015625
2015-05-14,60.785911560058594
2015-05-15,59.82612609863281
2015-05-18,61.04765319824219
2015-05-19,61.37485885620117
2015-05-20,61.35281753540039
2015-05-21,61.20573806762695
2015-05-22,60.838096618652344
2015-05-26,60.382225036621094
2015-05-27,61.08810043334961
2015-05-28,61.31604766845703
2015-05-29,60.78663635253906
2015-06-01,60.80867385864258
2015-06-02,61.220436096191406
2015-06-03,62.08076477050781
2015-06-04,61.73514175415039
2015-06-05,62.9410400390625
2015-06-08,63.271907806396484
2015-06-09,63.691036224365234
2015-06-10,64.98513793945312
2015-06-11,64.09544372558594
2015-06-12,63.60280990600586
2015-06-15,63.42631912231445
2015-06-16,64.60279083251953
2015-06-17,63.24986267089844
2015-06-18,64.22779083251953
2015-06-19,64.93370056152344
2015-06-22,65.63954162597656
2015-06-23,66.17630767822266
2015-06-24,65.49250030517578
2015-06-25,65.66162872314453
2015-06-26,65.64689636230469
2015-06-29,64.33075714111328
2015-06-30,64.24251556396484
2015-07-01,65.47044372558594
2015-07-02,63.904273986816406
2015-07-06,64.22779083251953
2015-07-07,63.44838333129883
2015-07-08,63.45575714111328
2015-07-09,63.698394775390625
2015-07-10,65.00720977783203
2015-07-13,65.11015319824219
2015-07-14,65.38220977783203
2015-07-15,65.7939682006836
2015-07-16,65.63221740722656
2015-07-17,65.08074188232422
2015-07-20,65.11750793457031
2015-07-21,65.27925872802734
2015-07-22,65.4042739868164
2015-07-23,64.11750030517578
2015-07-24,63.543968200683594
2015-07-27,63.49250030517578
2015-07-28,64.31600952148438
2015-07-29,64.7865982055664
2015-07-30,64.55133819580078
2015-07-31,64.41162872314453
2015-08-03,64.1910400390625
2015-08-04,64.16897583007812
2015-08-05,65.23514556884766
2015-08-06,64.19837188720703
2015-08-07,63.74251174926758
2015-08-10,64.49248504638672
2015-08-11,64.57339477539062
2015-08-12,63.10280990600586
2015-08-13,63.66896438598633
2015-08-14,64.17632293701172
2015-08-17,64.3381118774414
2015-08-18,64.27928161621094
2015-08-19,63.73666763305664
2015-08-20,62.59945297241211
2015-08-21,62.07173538208008
2015-08-24,59.76009750366211
2015-08-25,59.864173889160156
2015-08-26,61.380462646484375
2015-08-27,61.61088562011719
2015-08-28,61.596012115478516
2015-08-31,62.592002868652344
2015-09-01,60.20607376098633
2015-09-02,61.551414489746094
2015-09-03,61.26894760131836
2015-09-04,61.04597091674805
2015-09-08,61.87845993041992
2015-09-09,61.81157302856445
2015-09-10,62.80012512207031
2015-09-11,63.04543685913086
2015-09-14,63.66978073120117
2015-09-15,64.45022583007812
2015-09-16,64.36101531982422
2015-09-17,63.66233825683594
2015-09-18,66.15234375
2015-09-21,66.44966125488281
2015-09-22,65.81785583496094
2015-09-23,65.98883056640625
2015-09-24,66.59831237792969
2015-09-25,66.33818054199219
2015-09-28,65.78070831298828
2015-09-29,66.03340911865234
2015-09-30,67.05914306640625
2015-10-01,66.8361587524414
2015-10-02,65.86244201660156
2015-10-05,67.63890838623047
2015-10-06,67.19293212890625
2015-10-07,68.6646499633789
2015-10-08,68.60517120361328
2015-10-09,68.75382995605469
2015-10-12,69.3410415649414
2015-10-13,68.32272338867188
2015-10-14,65.73612213134766
2015-10-15,68.31532287597656
2015-10-16,68.50856018066406
2015-10-19,68.35247039794922
2015-10-20,69.25183868408203
2015-10-21,67.906494140625
2015-10-22,69.77958679199219
2015-10-23,70.52285766601562
2015-10-26,70.18838500976562
2015-10-27,67.86192321777344
2015-10-28,70.79044342041016
2015-10-29,69.98027038574219
2015-10-30,67.43079376220703
2015-11-02,68.79102325439453
2015-11-03,68.62747955322266
2015-11-04,68.5234375
2015-11-05,69.9505386352539
2015-11-06,71.68238830566406
2015-11-09,70.41134643554688
2015-11-10,71.28101348876953
2015-11-11,71.19923400878906
2015-11-12,69.9505386352539
2015-11-13,69.14031982421875
2015-11-16,70.44852447509766
2015-11-17,70.51542663574219
2015-11-18,71.41629791259766
2015-11-19,70.3577880859375
2015-11-20,71.49886322021484
2015-11-23,71.49886322021484
2015-11-24,72.27210235595703
2015-11-25,72.28712463378906
2015-11-27,72.26461029052734
2015-11-30,72.82767486572266
2015-12-01,73.33061981201172
2015-12-02,72.74506378173828
2015-12-03,72.677490234375
2015-12-04,74.59935760498047
2015-12-07,72.977783203125
2015-12-08,71.7841567993164
2015-12-09,70.5979995727539
2015-12-10,71.14603424072266
2015-12-11,69.14163208007812
2015-12-14,69.05900573730469
2015-12-15,69.55451965332031
2015-12-16,68.74370574951172
2015-12-17,68.12812805175781
2015-12-18,63.2634162902832
2015-12-21,66.23629760742188
2015-12-22,68.931396484375
2015-12-23,69.3818359375
2015-12-24,69.17914581298828
2015-12-28,69.1866455078125
2015-12-29,70.2376480102539
2015-12-30,70.20011901855469
2015-12-31,67.92542266845703
2016-01-04,65.83091735839844
2016-01-05,66.30386352539062
2016-01-06,65.62821960449219
2016-01-07,64.08171844482422
2016-01-08,62.813018798828125
2016-01-11,64.464599609375
2016-01-12,64.56220245361328
2016-01-13,62.75294494628906
2016-01-14,63.57125473022461
2016-01-15,62.77547073364258
2016-01-19,62.392616271972656
2016-01-20,63.31598663330078
2016-01-21,62.43014907836914
2016-01-22,63.683841705322266
2016-01-25,61.18394088745117
2016-01-26,62.68536376953125
2016-01-27,61.934688568115234
2016-01-28,63.64630889892578
2016-01-29,66.1462173461914
2016-02-01,65.13275146484375
2016-02-02,63.788944244384766
2016-02-03,63.796451568603516
2016-02-04,63.69134521484375
2016-02-05,62.03977584838867
2016-02-08,62.74544143676758
2016-02-09,62.23493957519531
2016-02-10,61.57432556152344
2016-02-11,60.958717346191406
2016-02-12,63.075748443603516
2016-02-16,64.03668975830078
2016-02-17,63.611610412597656
2016-02-18,62.87527084350586
2016-02-19,63.86209487915039
2016-02-22,64.37825775146484
2016-02-23,63.01192092895508
2016-02-24,63.74064254760742
2016-02-25,64.36309051513672
2016-02-26,65.01592254638672
2016-02-29,64.66674041748047
2016-03-01,66.1014175415039
2016-03-02,66.22286224365234
2016-03-03,66.63275909423828
2016-03-04,66.83014678955078
2016-03-07,68.15094757080078
2016-03-08,66.83014678955078
2016-03-09,66.64035034179688
2016-03-10,67.05785369873047
2016-03-11,68.31793212890625
2016-03-14,67.30835723876953
2016-03-15,67.46774291992188
2016-03-16,67.08064270019531
2016-03-17,68.65953826904297
2016-03-18,69.39585876464844
2016-03-21,69.09221649169922
2016-03-22,68.9555892944336
2016-03-23,67.49053955078125
2016-03-24,68.05984497070312
2016-03-28,67.43739318847656
2016-03-29,68.68989562988281
2016-03-30,68.83413696289062
2016-03-31,68.31793212890625
2016-04-01,68.66712188720703
2016-04-04,67.47535705566406
2016-04-05,66.16211700439453
2016-04-06,67.23245239257812
2016-04-07,65.47896575927734
2016-04-08,65.53968048095703
2016-04-11,66.70867919921875
2016-04-12,67.6423568725586
2016-04-13,69.79059600830078
2016-04-14,70.13975524902344
2016-04-15,69.19091033935547
2016-04-18,70.2156753540039
2016-04-19,70.44340515136719
2016-04-20,70.7242660522461
2016-04-21,70.17770385742188
2016-04-22,70.50411224365234
2016-04-25,68.23444366455078
2016-04-26,70.3826675415039
2016-04-27,69.72225952148438
2016-04-28,69.22127532958984
2016-04-29,69.6843032836914
2016-05-02,70.51930236816406
2016-05-03,69.00112915039062
2016-05-04,68.36348724365234
2016-05-05,67.80175018310547
2016-05-06,68.57603454589844
2016-05-09,68.31033325195312
2016-05-10,69.31232452392578
2016-05-11,68.7354507446289
2016-05-12,68.11299896240234
2016-05-13,67.96876525878906
2016-05-16,68.56845092773438
2016-05-17,67.04269409179688
2016-05-18,69.89685821533203
2016-05-19,68.50813293457031
2016-05-20,69.4288330078125
2016-05-23,69.10659790039062
2016-05-24,71.27024841308594
2016-05-25,71.15515899658203
2016-05-26,70.87129211425781
2016-05-27,71.56946563720703
2016-05-31,72.07587432861328
2016-06-01,72.49018096923828
2016-06-02,72.51319885253906
2016-06-03,71.79965209960938
2016-06-06,72.65130615234375
2016-06-07,72.35974884033203
2016-06-08,73.0349349975586
2016-06-09,71.83800506591797
2016-06-10,71.5617904663086
2016-06-13,70.1654052734375
2016-06-14,69.33677673339844
2016-06-15,69.0068359375
2016-06-16,68.45442199707031
2016-06-17,66.88922882080078
2016-06-20,69.70504760742188
2016-06-21,69.68203735351562
2016-06-22,69.09893035888672
2016-06-23,71.83035278320312
2016-06-24,67.25749969482422
2016-06-27,65.7690200805664
2016-06-28,66.75879669189453
2016-06-29,68.31632995605469
2016-06-30,70.41858673095703
2016-07-01,68.53881072998047
2016-07-05,67.90966796875
2016-07-06,68.41606140136719
2016-07-07,68.81502532958984
2016-07-08,70.0042724609375
2016-07-11,71.0477523803711
2016-07-12,72.49788665771484
2016-07-13,72.55155944824219
2016-07-14,73.28811645507812
2016-07-15,73.76380920410156
2016-07-18,73.17304992675781
2016-07-19,73.08863830566406
2016-07-20,73.38017272949219
2016-07-21,72.41346740722656
2016-07-22,73.4032211303711
2016-07-25,73.00424194335938
2016-07-26,68.78436279296875
2016-07-27,67.28052520751953
2016-07-28,68.52349090576172
2016-07-29,68.6845932006836
2016-08-01,68.25492095947266
2016-08-02,67.4800033569336
2016-08-03,68.60020446777344
2016-08-04,68.69226837158203
2016-08-05,70.61808776855469
2016-08-08,69.89685821533203
2016-08-09,70.09636688232422
2016-08-10,69.12960815429688
2016-08-11,69.68203735351562
2016-08-12,69.65902709960938
2016-08-15,70.23446655273438
2016-08-16,70.1040267944336
2016-08-17,70.51490020751953
2016-08-18,70.90248107910156
2016-08-19,70.8947525024414
2016-08-22,71.11957550048828
2016-08-23,73.20494842529297
2016-08-24,74.71663665771484
2016-08-25,74.3057632446289
2016-08-26,74.18946838378906
2016-08-29,74.46082305908203
2016-08-30,74.99573516845703
2016-08-31,74.15071868896484
2016-09-01,73.6468276977539
2016-09-02,74.80192565917969
2016-09-06,74.04994201660156
2016-09-07,75.0267333984375
2016-09-08,74.84844207763672
2016-09-09,74.12745666503906
2016-09-12,75.1972885131836
2016-09-13,73.53829193115234
2016-09-14,72.77081298828125
2016-09-15,73.90265655517578
2016-09-16,73.44525909423828
2016-09-19,73.52276611328125
2016-09-20,73.36772918701172
2016-09-21,74.21273803710938
2016-09-22,75.27479553222656
2016-09-23,74.36000061035156
2016-09-26,72.56149291992188
2016-09-27,74.05769348144531
2016-09-28,74.08094787597656
2016-09-29,72.63127136230469
2016-09-30,74.42203521728516
2016-10-03,73.22819519042969
2016-10-04,73.32123565673828
2016-10-05,73.95689392089844
2016-10-06,74.12745666503906
2016-10-07,73.7708511352539
2016-10-10,74.76315307617188
2016-10-11,73.95689392089844
2016-10-12,74.42979431152344
2016-10-13,72.98013305664062
2016-10-14,73.53829193115234
2016-10-17,72.94910430908203
2016-10-18,73.65457153320312
2016-10-19,74.45307159423828
2016-10-20,73.98792266845703
2016-10-21,73.99568939208984
2016-10-24,74.5538330078125
2016-10-25,75.51512908935547
2016-10-26,75.35233306884766
2016-10-27,75.30580139160156
2016-10-28,74.70114135742188
2016-10-31,75.14302062988281
2016-11-01,74.46082305908203
2016-11-02,73.1351547241211
2016-11-03,73.95689392089844
2016-11-04,73.56155395507812
2016-11-07,75.46087646484375
2016-11-08,75.28254699707031
2016-11-09,78.87186431884766
2016-11-10,81.08903503417969
2016-11-11,85.38380432128906
2016-11-14,86.30632019042969
2016-11-15,86.92649841308594
2016-11-16,89.21713256835938
2016-11-17,88.34935760498047
2016-11-18,89.52202606201172
2016-11-21,88.56044006347656
2016-11-22,89.90509796142578
2016-11-23,89.17023468017578
2016-11-25,89.35002899169922
2016-11-28,87.85682678222656
2016-11-29,88.09137725830078
2016-11-30,87.24702453613281
2016-12-01,86.95777893066406
2016-12-02,86.75452423095703
2016-12-05,88.7715072631836
2016-12-06,90.99960327148438
2016-12-07,90.70250701904297
2016-12-08,92.3364486694336
2016-12-09,93.80619049072266
2016-12-12,91.53121948242188
2016-12-13,92.18009948730469
2016-12-14,91.42958068847656
2016-12-15,93.20423126220703
2016-12-16,92.03155517578125
2016-12-19,91.82046508789062
2016-12-20,93.15731811523438
2016-12-21,93.5091323852539
2016-12-22,92.71170043945312
2016-12-23,93.44657135009766
2016-12-27,94.76779174804688
2016-12-28,94.78343200683594
2016-12-29,93.68892669677734
2016-12-30,93.54821014404297
2017-01-03,92.89151763916016
2017-01-04,93.64203643798828
2017-01-05,92.4693374633789
2017-01-06,92.56317138671875
2017-01-09,90.74160766601562
2017-01-10,92.0940933227539
2017-01-11,92.06283569335938
2017-01-12,89.88945770263672
2017-01-13,90.71034240722656
2017-01-17,87.3330307006836
2017-01-18,88.83405303955078
2017-01-19,87.06723022460938
2017-01-20,87.9975357055664
2017-01-23,86.97342681884766
2017-01-24,88.13044738769531
2017-01-25,89.29530334472656
2017-01-26,88.89659118652344
2017-01-27,88.4979019165039
2017-01-30,85.78508758544922
2017-01-31,86.6137924194336
2017-02-01,85.60530090332031
2017-02-02,84.8078842163086
2017-02-03,85.91018676757812
2017-02-06,84.5811538696289
2017-02-07,83.84628295898438
2017-02-08,81.28984832763672
2017-02-09,82.04037475585938
2017-02-10,81.82927703857422
2017-02-13,82.26708984375
2017-02-14,83.06449890136719
2017-02-15,84.34229278564453
2017-02-16,84.68146514892578
2017-02-17,84.66567993164062
2017-02-21,85.23360443115234
2017-02-22,85.43077850341797
2017-02-23,85.99079132080078
2017-02-24,84.57891082763672
2017-02-27,85.38345336914062
2017-02-28,84.75244140625
2017-03-01,86.65335845947266
2017-03-02,84.62625122070312
2017-03-03,85.6516342163086
2017-03-06,85.25725555419922
2017-03-07,84.98908233642578
2017-03-08,83.86902618408203
2017-03-09,84.2239761352539
2017-03-10,84.49217987060547
2017-03-13,84.77610778808594
2017-03-14,85.05219268798828
2017-03-15,85.57276153564453
2017-03-16,85.92769622802734
2017-03-17,86.4719467163086
2017-03-20,84.63412475585938
2017-03-21,82.18897247314453
2017-03-22,82.19686126708984
2017-03-23,82.42559051513672
2017-03-24,82.0706558227539
2017-03-27,82.59124755859375
2017-03-28,82.72533416748047
2017-03-29,81.97599792480469
2017-03-30,84.12933349609375
2017-03-31,82.97772216796875
2017-04-03,81.88135528564453
2017-04-04,82.16531372070312
2017-04-05,79.77535247802734
2017-04-06,80.39846801757812
2017-04-07,81.0452651977539
2017-04-10,79.70438385009766
2017-04-11,81.44754028320312
2017-04-12,79.72015380859375
2017-04-13,77.61414337158203
2017-04-17,80.2407455444336
2017-04-18,79.47562408447266
2017-04-19,81.09259033203125
2017-04-20,83.37210845947266
2017-04-21,83.6008529663086
2017-04-24,84.61834716796875
2017-04-25,85.43866729736328
2017-04-26,86.62181091308594
2017-04-27,85.20991516113281
2017-04-28,83.15914154052734
2017-05-01,84.2397689819336
2017-05-02,84.17665100097656
2017-05-03,84.87075805664062
2017-05-04,85.21782684326172
2017-05-05,85.02061462402344
2017-05-08,85.02853393554688
2017-05-09,84.23184967041016
2017-05-10,83.79017639160156
2017-05-11,82.46502685546875
2017-05-12,81.67626953125
2017-05-15,82.63856506347656
2017-05-16,83.06449890136719
2017-05-17,79.67411041259766
2017-05-18,79.73778533935547
2017-05-19,79.4273681640625
2017-05-22,80.27101135253906
2017-05-23,82.6426773071289
2017-05-24,81.52847290039062
2017-05-25,80.99524688720703
2017-05-26,80.99524688720703
2017-05-30,80.09590148925781
2017-05-31,80.43814086914062
2017-06-01,82.42780303955078
2017-06-02,82.5631103515625
2017-06-05,81.99803924560547
2017-06-06,81.719482421875
2017-06-07,82.27659606933594
2017-06-08,84.68010711669922
2017-06-09,88.54006958007812
2017-06-12,87.84765625
2017-06-13,88.34107971191406
2017-06-14,87.77601623535156
2017-06-15,87.50542449951172
2017-06-16,85.53168487548828
2017-06-19,85.39637756347656
2017-06-20,83.94791412353516
2017-06-21,82.650634765625
2017-06-22,82.968994140625
2017-06-23,82.69044494628906
2017-06-26,82.03783416748047
2017-06-27,82.13331604003906
2017-06-28,82.67453002929688
2017-06-29,83.35102081298828
2017-06-30,82.54718780517578
2017-07-03,83.33509826660156
2017-07-05,83.51018524169922
2017-07-06,82.87348937988281
2017-07-07,83.33509826660156
2017-07-10,82.45965576171875
2017-07-11,82.61085510253906
2017-07-12,82.89735412597656
2017-07-13,82.69044494628906
2017-07-14,82.47555541992188
2017-07-17,81.86276245117188
2017-07-18,81.32154846191406
2017-07-19,81.87866973876953
2017-07-20,81.67969512939453
2017-07-21,81.63194274902344
2017-07-24,81.33747100830078
2017-07-25,79.73778533935547
2017-07-26,78.39276885986328
2017-07-27,78.40074157714844
2017-07-28,78.00281524658203
2017-07-31,78.60765075683594
2017-08-01,79.22843170166016
2017-08-02,78.45642852783203
2017-08-03,77.66852569580078
2017-08-04,78.84640502929688
2017-08-07,78.448486328125
2017-08-08,78.39276885986328
2017-08-09,77.64464569091797
2017-08-10,77.07957458496094
2017-08-11,76.39515686035156
2017-08-14,79.64226531982422
2017-08-15,78.53601837158203
2017-08-16,78.05390930175781
2017-08-17,75.34603118896484
2017-08-18,76.07723999023438
2017-08-21,76.55130004882812
2017-08-22,77.21824645996094
2017-08-23,77.0736312866211
2017-08-24,77.210205078125
2017-08-25,77.82087707519531
2017-08-28,77.11380004882812
2017-08-29,76.76827239990234
2017-08-30,77.210205078125
2017-08-31,77.61197662353516
2017-09-01,77.90123748779297
2017-09-05,76.05314636230469
2017-09-06,76.7120132446289
2017-09-07,76.07723999023438
2017-09-08,77.32270812988281
2017-09-11,78.52798461914062
2017-09-12,80.39215087890625
2017-09-13,81.1072769165039
2017-09-14,80.68944549560547
2017-09-15,81.35636901855469
2017-09-18,81.55725860595703
2017-09-19,81.53314971923828
2017-09-20,82.5536117553711
2017-09-21,82.54558563232422
2017-09-22,83.11609649658203
2017-09-25,83.18839263916016
2017-09-26,83.99995422363281
2017-09-27,87.15779113769531
2017-09-28,87.02922058105469
2017-09-29,86.77207946777344
2017-10-02,87.6800765991211
2017-10-03,88.29878997802734
2017-10-04,86.28998565673828
2017-10-05,87.7202377319336
2017-10-06,87.18189239501953
2017-10-09,87.58364868164062
2017-10-10,88.61215209960938
2017-10-11,88.17021942138672
2017-10-12,87.6961441040039
2017-10-13,87.7443618774414
2017-10-16,88.61215209960938
2017-10-17,87.29439544677734
2017-10-18,88.25860595703125
2017-10-19,89.0058822631836
2017-10-20,89.39157104492188
2017-10-23,88.80500030517578
2017-10-24,88.64430236816406
2017-10-25,89.11033630371094
2017-10-26,89.60047912597656
2017-10-27,89.92992401123047
2017-10-30,87.39081573486328
2017-10-31,88.21842193603516
2017-11-01,87.4068832397461
2017-11-02,89.52819061279297
2017-11-03,88.46752166748047
2017-11-06,88.9255142211914
2017-11-07,85.69537353515625
2017-11-08,84.79544830322266
2017-11-09,84.03208923339844
2017-11-10,83.56607055664062
2017-11-13,84.85972595214844
2017-11-14,85.43024444580078
2017-11-15,84.97221374511719
2017-11-16,85.97750854492188
2017-11-17,85.8802261352539
2017-11-20,87.31521606445312
2017-11-21,88.33672332763672
2017-11-22,87.3638687133789
2017-11-24,87.48548126220703
2017-11-27,87.20172882080078
2017-11-28,90.712158203125
2017-11-29,92.30117797851562
2017-11-30,91.09319305419922
2017-12-01,90.79322814941406
2017-12-04,91.4499282836914
2017-12-05,89.18799591064453
2017-12-06,88.23944091796875
2017-12-07,87.97999572753906
2017-12-08,87.43680572509766
2017-12-11,85.1829833984375
2017-12-12,86.79633331298828
2017-12-13,85.8802261352539
2017-12-14,85.03704833984375
2017-12-15,87.3719482421875
2017-12-18,87.63949584960938
2017-12-19,86.09102630615234
2017-12-20,85.96128845214844
2017-12-21,86.3504409790039
2017-12-22,85.91263580322266
2017-12-26,85.68566131591797
2017-12-27,85.3775863647461
2017-12-28,85.7910385131836
2017-12-29,84.31550598144531
2018-01-02,84.04798889160156
2018-01-03,83.59397888183594
2018-01-04,83.42372131347656
2018-01-05,84.1452865600586
2018-01-08,84.00745391845703
2018-01-09,84.15338897705078
2018-01-10,85.14246368408203
2018-01-11,86.7071533203125
2018-01-12,87.49357604980469
2018-01-16,87.62329864501953
2018-01-17,87.79353332519531
2018-01-18,86.5125961303711
2018-01-19,87.55843353271484
2018-01-22,86.89362335205078
2018-01-23,85.53162384033203
2018-01-24,84.81816101074219
2018-01-25,85.2965087890625
2018-01-26,84.21014404296875
2018-01-29,85.5073013305664
2018-01-30,85.71807861328125
2018-01-31,85.14246368408203
2018-02-01,85.93697357177734
2018-02-02,84.6155014038086
2018-02-05,81.915771484375
2018-02-06,81.86713409423828
2018-02-07,82.02117919921875
2018-02-08,80.2862319946289
2018-02-09,81.74552154541016
2018-02-12,82.69407653808594
2018-02-13,82.73460388183594
2018-02-14,84.42090606689453
2018-02-15,84.89542388916016
2018-02-16,85.45174407958984
2018-02-20,84.0200424194336
2018-02-21,85.59900665283203
2018-02-22,83.66826629638672
2018-02-23,84.80542755126953
2018-02-26,85.76263427734375
2018-02-27,84.60090637207031
2018-02-28,82.64561462402344
2018-03-01,83.08740234375
2018-03-02,84.46180725097656
2018-03-05,85.9262466430664
2018-03-06,85.66444396972656
2018-03-07,86.58892059326172
2018-03-08,86.12259674072266
2018-03-09,87.53791809082031
2018-03-12,87.51338958740234
2018-03-13,87.19432830810547
2018-03-14,86.7852783203125
2018-03-15,87.12068939208984
2018-03-16,90.64675903320312
2018-03-19,89.3623046875
2018-03-20,88.63419342041016
2018-03-21,88.45421600341797
2018-03-22,85.97531127929688
2018-03-23,82.6292495727539
2018-03-26,84.48635864257812
2018-03-27,83.77461242675781
2018-03-28,85.27994537353516
2018-03-29,84.88724517822266
2018-04-02,83.36555480957031
2018-04-03,84.36365509033203
2018-04-04,85.12451171875
2018-04-05,85.6971664428711
2018-04-06,84.38818359375
2018-04-09,84.22457885742188
2018-04-10,85.07540893554688
2018-04-11,84.90361022949219
2018-04-12,86.17985534667969
2018-04-13,85.39447021484375
2018-04-16,86.5316390991211
2018-04-17,86.00804901123047
2018-04-18,86.04895782470703
2018-04-19,86.57255554199219
2018-04-20,86.09805297851562
2018-04-23,89.8449935913086
2018-04-24,90.08226013183594
2018-04-25,89.55866241455078
2018-04-26,89.91864013671875
2018-04-27,89.94317626953125
2018-04-30,88.25785827636719
2018-05-01,90.01679992675781
2018-05-02,90.66311645507812
2018-05-03,90.5076675415039
2018-05-04,91.74301147460938
2018-05-07,91.4894027709961
2018-05-08,92.61019897460938
2018-05-09,93.8046646118164
2018-05-10,92.93745422363281
2018-05-11,92.79019165039062
2018-05-14,91.34213256835938
2018-05-15,92.47113037109375
2018-05-16,93.44468688964844
2018-05-17,94.96613311767578
2018-05-18,94.22195434570312
2018-05-21,94.9247817993164
2018-05-22,95.21419525146484
2018-05-23,94.67672729492188
2018-05-24,94.80902099609375
2018-05-25,95.13977813720703
2018-05-29,93.77543640136719
2018-05-30,95.84262084960938
2018-05-31,94.94132232666016
2018-06-01,96.4048843383789
2018-06-04,97.39714813232422
2018-06-05,97.32270812988281
2018-06-06,98.1578369140625
2018-06-07,97.6534652709961
2018-06-08,97.41366577148438
2018-06-11,96.23124694824219
2018-06-12,95.45398712158203
2018-06-13,95.32169342041016
2018-06-14,95.47052001953125
2018-06-15,94.6436538696289
2018-06-18,95.59456634521484
2018-06-19,97.0250473022461
2018-06-20,97.34751892089844
2018-06-21,96.58677673339844
2018-06-22,97.07465362548828
2018-06-25,96.09068298339844
2018-06-26,95.52839660644531
2018-06-27,93.22969055175781
2018-06-28,93.10567474365234
2018-06-29,92.12996673583984
2018-07-02,92.70877838134766
2018-07-03,92.3697509765625
2018-07-05,91.8653564453125
2018-07-06,91.44365692138672
2018-07-09,93.50257873535156
2018-07-10,92.12996673583984
2018-07-11,91.37753295898438
2018-07-12,91.41886138916016
2018-07-13,90.63333892822266
2018-07-16,91.54288482666016
2018-07-17,91.05503845214844
2018-07-18,91.8653564453125
2018-07-19,92.07209777832031
2018-07-20,93.3785400390625
2018-07-23,93.01472473144531
2018-07-24,92.76667785644531
2018-07-25,91.16252899169922
2018-07-26,92.4607162475586
2018-07-27,91.02197265625
2018-07-30,91.16252899169922
2018-07-31,90.55890655517578
2018-08-01,91.22041320800781
2018-08-02,92.3118667602539
2018-08-03,90.89793395996094
2018-08-06,91.84883117675781
2018-08-07,91.74960327148438
2018-08-08,91.15425109863281
2018-08-09,91.26174926757812
2018-08-10,91.9976806640625
2018-08-13,91.78268432617188
2018-08-14,93.14701843261719
2018-08-15,91.17081451416016
2018-08-16,92.29685974121094
2018-08-17,91.75469207763672
2018-08-20,91.74636840820312
2018-08-21,92.99754333496094
2018-08-22,92.62217712402344
2018-08-23,91.95489501953125
2018-08-24,91.96321868896484
2018-08-27,91.0873794555664
2018-08-28,91.22918701171875
2018-08-29,91.82975006103516
2018-08-30,91.58786010742188
2018-08-31,91.87979888916016
2018-09-04,91.4377212524414
2018-09-05,91.57118225097656
2018-09-06,91.80472564697266
2018-09-07,91.67127227783203
2018-09-10,91.68795776367188
2018-09-11,91.59619140625
2018-09-12,90.51183319091797
2018-09-13,88.66839599609375
2018-09-14,89.20223999023438
2018-09-17,89.41910552978516
2018-09-18,89.37741088867188
2018-09-19,89.46916961669922
2018-09-20,90.39505767822266
2018-09-21,89.89454650878906
2018-09-24,88.62669372558594
2018-09-25,88.97702026367188
2018-09-26,87.75920867919922
2018-09-27,87.25871276855469
2018-09-28,88.0511474609375
2018-10-01,86.61641693115234
2018-10-02,86.624755859375
2018-10-03,88.64338684082031
2018-10-04,87.72582244873047
2018-10-05,87.27539825439453
2018-10-08,88.0511474609375
2018-10-09,88.35142517089844
2018-10-10,87.24202728271484
2018-10-11,84.66455841064453
2018-10-12,81.95362091064453
2018-10-15,82.32898712158203
2018-10-16,82.92121124267578
2018-10-17,82.67098999023438
2018-10-18,82.1454849243164
2018-10-19,79.37614440917969
2018-10-22,79.05082702636719
2018-10-23,72.3861083984375
2018-10-24,75.62254333496094
2018-10-25,76.42330932617188
2018-10-26,75.35562896728516
2018-10-29,76.75696563720703
2018-10-30,77.64946746826172
2018-10-31,76.23980712890625
2018-11-01,76.69024658203125
2018-11-02,77.24909973144531
2018-11-05,76.77365112304688
2018-11-06,78.4669418334961
2018-11-07,78.5086441040039
2018-11-08,79.1843032836914
2018-11-09,78.21669006347656
2018-11-12,77.49934387207031
2018-11-13,78.02485656738281
2018-11-14,76.41497802734375
2018-11-15,78.8932876586914
2018-11-16,78.42967224121094
2018-11-19,77.56141662597656
2018-11-20,76.98819732666016
2018-11-21,76.71001434326172
2018-11-23,77.2410888671875
2018-11-26,77.61199951171875
2018-11-27,77.18208312988281
2018-11-28,80.1156005859375
2018-11-29,79.93014526367188
2018-11-30,80.61294555664062
2018-12-03,80.36847686767578
2018-12-04,75.20951843261719
2018-12-06,75.62256622314453
2018-12-07,75.95976257324219
2018-12-10,76.14522552490234
2018-12-11,75.95134735107422
2018-12-12,76.8111801147461
2018-12-13,74.96504974365234
2018-12-14,72.46145629882812
2018-12-17,70.9188232421875
2018-12-18,70.08429718017578
2018-12-19,67.67340087890625
2018-12-20,68.55852508544922
2018-12-21,68.55852508544922
2018-12-24,66.82200622558594
2018-12-26,70.16015625
2018-12-27,69.60379791259766
2018-12-28,71.60163116455078
2018-12-31,71.61006164550781
2019-01-02,72.58790588378906
2019-01-03,72.60476684570312
2019-01-04,74.75432586669922
2019-01-07,75.77430725097656
2019-01-08,76.80274200439453
2019-01-09,76.33068084716797
2019-01-10,76.04405975341797
2019-01-11,75.86705017089844
2019-01-14,75.9260482788086
2019-01-15,76.48241424560547
2019-01-16,79.01976013183594
2019-01-17,79.48338317871094
2019-01-18,79.38220977783203
2019-01-22,76.61729431152344
2019-01-23,77.4349594116211
2019-01-24,77.50241088867188
2019-01-25,77.9913330078125
2019-01-28,77.92388916015625
2019-01-29,78.05875396728516
2019-01-30,78.10933685302734
2019-01-31,79.25578308105469
2019-02-01,80.6972427368164
2019-02-04,82.6697769165039
2019-02-05,81.90269470214844
2019-02-06,82.12186431884766
2019-02-07,83.20086669921875
2019-02-08,82.29888153076172
2019-02-11,83.66449737548828
2019-02-12,84.39787292480469
2019-02-13,84.55802154541016
2019-02-14,83.96076965332031
2019-02-15,86.31575012207031
2019-02-19,86.0512466430664
2019-02-20,86.74237823486328
2019-02-21,85.57340240478516
2019-02-22,85.2747802734375
2019-02-25,85.23210144042969
2019-02-26,84.62628936767578
2019-02-27,85.11265563964844
2019-02-28,85.45397186279297
2019-03-01,86.49494934082031
2019-03-04,87.90280151367188
2019-03-05,87.17754364013672
2019-03-06,83.95222473144531
2019-03-07,82.39928436279297
2019-03-08,83.20137023925781
2019-03-11,84.89933013916016
2019-03-12,84.75428771972656
2019-03-13,85.1979751586914
2019-03-14,84.96759796142578
2019-03-15,85.06998443603516
2019-03-18,86.17068481445312
2019-03-19,84.2508544921875
2019-03-20,81.1364517211914
2019-03-21,80.07842254638672
2019-03-22,76.11074829101562
2019-03-25,78.3207015991211
2019-03-26,80.17227935791016
2019-03-27,80.58185577392578
2019-03-28,80.94021606445312
2019-03-29,80.84636688232422
2019-04-01,80.79515075683594
2019-04-02,80.06136322021484
2019-04-03,79.29342651367188
2019-04-04,80.05281066894531
2019-04-05,80.46238708496094
2019-04-08,80.30027770996094
2019-04-09,78.94359588623047
2019-04-10,80.70983123779297
2019-04-11,80.29174041748047
2019-04-12,80.54772186279297
2019-04-15,80.25759887695312
2019-04-16,82.18598175048828
2019-04-17,82.33102416992188
2019-04-18,80.15522003173828
2019-04-22,79.70298767089844
2019-04-23,81.67401885986328
2019-04-24,82.97949981689453
2019-04-25,82.39076232910156
2019-04-26,83.20988464355469
2019-04-29,84.42151641845703
2019-04-30,83.3464126586914
2019-05-01,82.43341827392578
2019-05-02,83.84130859375
2019-05-03,85.32596588134766
2019-05-06,85.59046936035156
2019-05-07,84.40445709228516
2019-05-08,84.18260955810547
2019-05-09,84.42151641845703
2019-05-10,84.77135467529297
2019-05-13,82.23716735839844
2019-05-14,83.41466522216797
2019-05-15,83.2354736328125
2019-05-16,84.41667938232422
2019-05-17,83.55450439453125
2019-05-20,84.71843719482422
2019-05-21,85.0288314819336
2019-05-22,84.3994369506836
2019-05-23,82.54573059082031
2019-05-24,84.07181549072266
2019-05-28,83.58035278320312
2019-05-29,83.69243621826172
2019-05-30,82.77852630615234
2019-05-31,81.46800231933594
2019-06-03,82.15776062011719
2019-06-04,85.31334686279297
2019-06-05,84.64947509765625
2019-06-06,84.4942855834961
2019-06-07,84.52877044677734
2019-06-10,86.06346130371094
2019-06-11,86.02897644042969
2019-06-12,85.44265747070312
2019-06-13,85.72720336914062
2019-06-14,85.33059692382812
2019-06-17,84.83053588867188
2019-06-18,85.41681671142578
2019-06-19,85.12366485595703
2019-06-20,84.38220977783203
2019-06-21,83.17514038085938
2019-06-24,82.20948028564453
2019-06-25,83.0802993774414
2019-06-26,82.86473846435547
2019-06-27,84.916748046875
2019-06-28,85.69271850585938
2019-07-01,86.21002960205078
2019-07-02,84.37357330322266
2019-07-03,85.1323013305664
2019-07-05,86.0893325805664
2019-07-08,85.0288314819336
2019-07-09,85.03743743896484
2019-07-10,84.16665649414062
2019-07-11,84.08043670654297
2019-07-12,84.89088439941406
2019-07-15,83.81314849853516
2019-07-16,83.64070892333984
2019-07-17,83.29583740234375
2019-07-18,84.12355041503906
2019-07-19,83.76142883300781
2019-07-22,82.95957946777344
2019-07-23,78.80384826660156
2019-07-24,79.93331146240234
2019-07-25,79.76951599121094
2019-07-26,80.60580444335938
2019-07-29,80.76100158691406
2019-07-30,81.49385070800781
2019-07-31,81.55421447753906
2019-08-01,79.90744018554688
2019-08-02,78.90730285644531
2019-08-05,77.61402130126953
2019-08-06,78.39000701904297
2019-08-07,77.70024108886719
2019-08-08,78.91593170166016
2019-08-09,78.88145446777344
2019-08-12,78.07962036132812
2019-08-13,79.07974243164062
2019-08-14,77.58816528320312
2019-08-15,77.58817291259766
2019-08-16,80.15176391601562
2019-08-19,79.8989028930664
2019-08-20,79.07051849365234
2019-08-21,79.65473175048828
2019-08-22,79.26236724853516
2019-08-23,76.86444091796875
2019-08-26,78.84380340576172
2019-08-27,77.95438385009766
2019-08-28,78.76532745361328
2019-08-29,79.16644287109375
2019-08-30,78.54734802246094
2019-09-03,77.58817291259766
2019-09-04,78.48629760742188
2019-09-05,79.61115264892578
2019-09-06,79.1228256225586
2019-09-09,82.21834564208984
2019-09-10,83.95355987548828
2019-09-11,86.02887725830078
2019-09-12,86.70027160644531
2019-09-13,87.10139465332031
2019-09-16,86.93572235107422
2019-09-17,85.81958770751953
2019-09-18,85.82830047607422
2019-09-19,84.66857147216797
2019-09-20,85.91551208496094
2019-09-23,85.5318374633789
2019-09-24,83.42167663574219
2019-09-25,84.61627197265625
2019-09-26,82.83745574951172
2019-09-27,82.91592407226562
2019-09-30,82.6717529296875
2019-10-01,81.36381530761719
2019-10-02,80.98883819580078
2019-10-03,80.73597717285156
2019-10-04,81.56436157226562
2019-10-07,81.63412475585938
2019-10-08,80.44821166992188
2019-10-09,81.06732177734375
2019-10-10,82.4276123046875
2019-10-11,83.32575225830078
2019-10-14,82.7763900756836
2019-10-15,83.73558044433594
2019-10-16,84.06692504882812
2019-10-17,84.36338806152344
2019-10-18,85.40975952148438
2019-10-21,86.03758239746094
2019-10-22,86.05501556396484
2019-10-23,86.2381591796875
2019-10-24,84.71218872070312
2019-10-25,85.61903381347656
2019-10-28,86.2381591796875
2019-10-29,88.6186294555664
2019-10-30,88.76685333251953
2019-10-31,88.28726959228516
2019-11-01,88.82788848876953
2019-11-04,88.94125366210938
2019-11-05,89.65628051757812
2019-11-06,88.86277770996094
2019-11-07,89.2726058959961
2019-11-08,89.76092529296875
2019-11-11,88.94998931884766
2019-11-12,89.11564636230469
2019-11-13,88.81918334960938
2019-11-14,88.7927474975586
2019-11-15,88.30836486816406
2019-11-18,88.07939147949219
2019-11-19,88.95127868652344
2019-11-20,87.6302261352539
2019-11-21,87.9384765625
2019-11-22,87.88563537597656
2019-11-25,89.12741088867188
2019-11-26,89.00413513183594
2019-11-27,89.05697631835938
2019-11-29,88.3612060546875
2019-12-02,87.6302261352539
2019-12-03,86.8552017211914
2019-12-04,87.36601257324219
2019-12-05,87.46289825439453
2019-12-06,88.07057189941406
2019-12-09,88.66948699951172
2019-12-10,89.47969818115234
2019-12-11,89.68226623535156
2019-12-12,90.64224243164062
2019-12-13,90.66866302490234
2019-12-16,91.77835845947266
2019-12-17,92.34201049804688
2019-12-18,92.29795837402344
2019-12-19,92.33319854736328
2019-12-20,91.77835845947266
2019-12-23,91.34681701660156
2019-12-24,91.32920837402344
2019-12-26,90.80958557128906
2019-12-27,90.5101318359375
2019-12-30,90.36041259765625
2019-12-31,90.16666412353516
2020-01-02,90.21068572998047
2020-01-03,89.46208953857422
2020-01-06,89.93768310546875
2020-01-07,88.99531555175781
2020-01-08,90.05216979980469
2020-01-09,89.47090911865234
2020-01-10,89.02174377441406
2020-01-13,89.7879638671875
2020-01-14,89.82318878173828
2020-01-15,89.38282012939453
2020-01-16,90.22830200195312
2020-01-17,89.75272369384766
2020-01-21,88.78394317626953
2020-01-22,88.52854919433594
2020-01-23,88.18505859375
2020-01-24,88.03535461425781
2020-01-27,88.01773071289062
2020-01-28,84.03694915771484
2020-01-29,83.34117889404297
2020-01-30,85.47250366210938
2020-01-31,83.64063262939453
2020-02-03,85.34037780761719
2020-02-04,86.52054595947266
2020-02-05,88.5901870727539
2020-02-06,88.2467041015625
2020-02-07,87.00492858886719
2020-02-10,87.8327865600586
2020-02-11,88.00011444091797
2020-02-12,88.5989990234375
2020-02-13,89.77033996582031
2020-02-14,87.82398223876953
2020-02-18,87.82398223876953
2020-02-19,88.51094055175781
2020-02-20,88.8407974243164
2020-02-21,88.14541625976562
2020-02-24,85.78286743164062
2020-02-25,82.6357650756836
2020-02-26,82.43963623046875
2020-02-27,79.60456085205078
2020-02-28,77.84825134277344
2020-03-02,79.01615142822266
2020-03-03,78.06221771240234
2020-03-04,79.52432250976562
2020-03-05,77.01021575927734
2020-03-06,77.00131225585938
2020-03-09,70.66253662109375
2020-03-10,76.20784759521484
2020-03-11,71.97308349609375
2020-03-12,67.45304107666016
2020-03-13,76.60010528564453
2020-03-16,75.20932006835938
2020-03-17,83.29549407958984
2020-03-18,78.37425994873047
2020-03-19,80.38910675048828
2020-03-20,72.74871826171875
2020-03-23,66.80221557617188
2020-03-24,70.01170349121094
2020-03-25,66.080078125
2020-03-26,70.91217041015625
2020-03-27,64.07415008544922
2020-03-30,69.75316619873047
2020-03-31,69.21825408935547
2020-04-01,64.61797332763672
2020-04-02,67.096435546875
2020-04-03,64.76952362060547
2020-04-06,67.6135025024414
2020-04-07,65.48274993896484
2020-04-08,66.86463165283203
2020-04-09,70.59122467041016
2020-04-13,67.19449615478516
2020-04-14,66.36538696289062
2020-04-15,62.6744499206543
2020-04-16,62.317832946777344
2020-04-17,65.35795593261719
2020-04-20,65.34902954101562
2020-04-21,68.2108383178711
2020-04-22,65.95527648925781
2020-04-23,64.73387908935547
2020-04-24,65.51841735839844
2020-04-27,69.7621078491211
2020-04-28,69.91365814208984
2020-04-29,76.04737854003906
2020-04-30,71.30445098876953
2020-05-01,69.45005798339844
2020-05-04,68.87056732177734
2020-05-05,66.1157455444336
2020-05-06,65.2777099609375
2020-05-07,65.50951385498047
2020-05-08,68.82598114013672
2020-05-11,65.44710540771484
2020-05-12,62.852752685546875
2020-05-13,62.02362060546875
2020-05-14,62.06821060180664
2020-05-15,61.85424041748047
2020-05-18,67.14990997314453
2020-05-19,62.06821060180664
2020-05-20,64.787353515625
2020-05-21,61.776309967041016
2020-05-22,59.17216491699219
2020-05-26,64.37142944335938
2020-05-27,69.20899963378906
2020-05-28,68.80208587646484
2020-05-29,67.69894409179688
2020-06-01,65.40223693847656
2020-06-02,64.01878356933594
2020-06-03,67.05696105957031
2020-06-04,67.13834381103516
2020-06-05,70.04088592529297
2020-06-08,70.33927917480469
2020-06-09,70.53821563720703
2020-06-10,67.05696105957031
2020-06-11,62.90658187866211
2020-06-12,63.77463912963867
2020-06-15,64.34429168701172
2020-06-16,65.80912780761719
2020-06-17,63.40391159057617
2020-06-18,63.195953369140625
2020-06-19,63.828880310058594
2020-06-22,63.62092208862305
2020-06-23,62.88850402832031
2020-06-24,60.08541488647461
2020-06-25,62.42734146118164
2020-06-26,59.868412017822266
2020-06-29,62.626285552978516
2020-06-30,63.63899230957031
2020-07-01,61.60450744628906
2020-07-02,61.496009826660156
2020-07-06,61.57737731933594
2020-07-07,60.53752899169922
2020-07-08,60.52850341796875
2020-07-09,58.638668060302734
2020-07-10,61.098140716552734
2020-07-13,61.75822067260742
2020-07-14,60.75454330444336
2020-07-15,63.62092208862305
2020-07-16,62.9427604675293
2020-07-17,61.60450744628906
2020-07-20,60.96250915527344
2020-07-21,64.09111022949219
2020-07-22,61.93001937866211
2020-07-23,63.23211669921875
2020-07-24,62.42734146118164
2020-07-27,61.378448486328125
2020-07-28,62.26458740234375
2020-07-29,64.00069427490234
2020-07-30,79.57135772705078
2020-07-31,77.54591369628906
2020-08-03,74.9869613647461
2020-08-04,74.69762420654297
2020-08-05,75.49333190917969
2020-08-06,74.26358795166016
2020-08-07,76.560302734375
2020-08-10,79.89688873291016
2020-08-11,81.17182922363281
2020-08-12,80.56600189208984
2020-08-13,79.82453918457031
2020-08-14,80.90962219238281
2020-08-17,79.94209289550781
2020-08-18,78.00706481933594
2020-08-19,78.73948669433594
2020-08-20,78.4924545288086
2020-08-21,78.44669342041016
2020-08-24,81.9600601196289
2020-08-25,82.88414764404297
2020-08-26,81.25556182861328
2020-08-27,82.60050964355469
2020-08-28,83.32331848144531
2020-08-31,82.26199340820312
2020-09-01,83.41481018066406
2020-09-02,83.70758819580078
2020-09-03,83.4422607421875
2020-09-04,84.43037414550781
2020-09-08,81.31961059570312
2020-09-09,82.37178039550781
2020-09-10,82.29859161376953
2020-09-11,81.07257080078125
2020-09-14,82.67372131347656
2020-09-15,81.66728973388672
2020-09-16,81.98751068115234
2020-09-17,81.68558502197266
2020-09-18,81.27385711669922
2020-09-21,78.44669342041016
2020-09-22,77.220703125
2020-09-23,74.1739501953125
2020-09-24,73.38709259033203
2020-09-25,73.9360580444336
2020-09-28,76.20510864257812
2020-09-29,75.40911865234375
2020-09-30,74.98823547363281
2020-10-01,74.83270263671875
2020-10-02,77.29388427734375
2020-10-05,80.28573608398438
2020-10-06,81.32875061035156
2020-10-07,82.71946716308594
2020-10-08,84.5767822265625
2020-10-09,82.57307434082031
2020-10-12,83.80823516845703
2020-10-13,81.42025756835938
2020-10-14,79.20609283447266
2020-10-15,81.58492279052734
2020-10-16,81.90516662597656
2020-10-19,82.12474822998047
2020-10-20,83.15863037109375
2020-10-21,83.78077697753906
2020-10-22,86.07727813720703
2020-10-23,86.72688293457031
2020-10-26,86.18706512451172
2020-10-27,85.1074447631836
2020-10-28,84.14675903320312
2020-10-29,85.08914947509766
2020-10-30,83.8539810180664
2020-11-02,85.77534484863281
2020-11-03,87.99864959716797
2020-11-04,82.2894287109375
2020-11-05,85.30873107910156
2020-11-06,84.36634826660156
2020-11-09,93.30526733398438
2020-11-10,97.5871810913086
2020-11-11,94.36660766601562
2020-11-12,90.2127914428711
2020-11-13,94.02809143066406
2020-11-16,98.58447265625
2020-11-17,97.47740173339844
2020-11-18,95.4004898071289
2020-11-19,96.52774047851562
2020-11-20,95.22492980957031
2020-11-23,96.06575012207031
2020-11-24,100.42692565917969
2020-11-25,98.77300262451172
2020-11-27,97.30387878417969
2020-11-30,93.42317199707031
2020-12-01,94.6705551147461
2020-12-02,95.2988510131836
2020-12-03,95.20645141601562
2020-12-04,96.97124481201172
2020-12-07,95.51136016845703
2020-12-08,95.94564056396484
2020-12-09,95.49288177490234
2020-12-10,97.45172119140625
2020-12-11,95.87171936035156
2020-12-14,93.87593078613281
2020-12-15,94.9754638671875
2020-12-16,93.73731994628906
2020-12-17,95.03089904785156
2020-12-18,92.57312774658203
2020-12-21,92.50845336914062
2020-12-22,92.65628051757812
2020-12-23,95.58528137207031
2020-12-24,95.34505462646484
2020-12-28,96.21356964111328
2020-12-29,96.44458770751953
2020-12-30,96.97124481201172
2020-12-31,97.02667999267578
2021-01-04,97.00820922851562
2021-01-05,96.8880844116211
2021-01-06,102.99555969238281
2021-01-07,104.10433197021484
2021-01-08,100.39920043945312
2021-01-11,101.81288146972656
2021-01-12,103.46678924560547
2021-01-13,100.95358276367188
2021-01-14,103.57767486572266
2021-01-15,101.61885833740234
2021-01-19,102.48737335205078
2021-01-20,103.41136932373047
2021-01-21,102.505859375
2021-01-22,105.07452392578125
2021-01-25,103.72552490234375
2021-01-26,105.22235107421875
2021-01-27,104.36304473876953
2021-01-28,102.83848571777344
2021-01-29,99.79861450195312
2021-02-01,101.75743865966797
2021-02-02,102.45966339111328
2021-02-03,101.09219360351562
2021-02-04,104.88047790527344
2021-02-05,104.97286987304688
2021-02-08,107.96656799316406
2021-02-09,109.94386291503906
2021-02-10,109.66667175292969
2021-02-11,109.41719818115234
2021-02-12,108.55789184570312
2021-02-16,109.79603576660156
2021-02-17,109.84222412109375
2021-02-18,108.35774230957031
2021-02-19,112.23233795166016
2021-02-22,115.51873779296875
2021-02-23,117.83415985107422
2021-02-24,119.97218322753906
2021-02-25,118.076904296875
2021-02-26,115.77082061767578
2021-03-01,117.6380844116211
2021-03-02,116.37767791748047
2021-03-03,117.29263305664062
2021-03-04,117.70344543457031
2021-03-05,121.60604095458984
2021-03-08,127.20783996582031
2021-03-09,124.6777114868164
2021-03-10,128.52427673339844
2021-03-11,129.70997619628906
2021-03-12,130.86769104003906
2021-03-15,127.44126892089844
2021-03-16,128.00148010253906
2021-03-17,127.72134399414062
2021-03-18,129.009765625
2021-03-19,131.3812255859375
2021-03-22,124.47230529785156
2021-03-23,119.60806274414062
2021-03-24,120.56036376953125
2021-03-25,121.49400329589844
2021-03-26,125.54598236083984
2021-03-29,122.61436462402344
2021-03-30,124.5096435546875
2021-03-31,120.71908569335938
2021-04-01,121.55935668945312
2021-04-05,122.05416870117188
2021-04-06,120.7377700805664
2021-04-07,119.44933319091797
2021-04-08,120.5697021484375
2021-04-09,121.5780258178711
2021-04-12,122.07284545898438
2021-04-13,118.54371643066406
2021-04-14,120.27094268798828
2021-04-15,120.21492004394531
2021-04-16,121.34461975097656
2021-04-19,119.62673950195312
2021-04-20,114.7157974243164
2021-04-21,117.62875366210938
2021-04-22,116.10691833496094
2021-04-23,119.01052856445312
2021-04-26,119.25328826904297
2021-04-27,118.24494934082031
2021-04-28,118.62773895263672
2021-04-29,118.7304458618164
2021-04-30,116.7884750366211
2021-05-03,119.25328826904297
2021-05-04,119.36531066894531
2021-05-05,117.768798828125
2021-05-06,120.64439392089844
2021-05-07,120.25227355957031
2021-05-10,118.0582275390625
2021-05-11,116.81649017333984
2021-05-12,112.9045639038086
2021-05-13,117.6567611694336
2021-05-14,119.90682220458984
2021-05-17,120.3736343383789
2021-05-18,117.91817474365234
2021-05-19,117.77815246582031
2021-05-20,118.52178192138672
2021-05-21,119.99024200439453
2021-05-24,117.84403228759766
2021-05-25,114.09757232666016
2021-05-26,116.20612335205078
2021-05-27,119.18070220947266
2021-05-28,119.09597778320312
2021-06-01,119.9714126586914
2021-06-02,118.95478057861328
2021-06-03,119.79255676269531
2021-06-04,118.57826232910156
2021-06-07,119.52899169921875
2021-06-08,120.95980072021484
2021-06-09,118.31468963623047
2021-06-10,116.85563659667969
2021-06-11,117.5522232055664
2021-06-14,115.71663665771484
2021-06-15,118.67239379882812
2021-06-16,120.7244644165039
2021-06-17,115.575439453125
2021-06-18,111.54658508300781
2021-06-21,114.52117156982422
2021-06-22,113.9845962524414
2021-06-23,112.64793395996094
2021-06-24,115.34951782226562
2021-06-25,114.43643951416016
2021-06-28,111.8948745727539
2021-06-29,111.33949279785156
2021-06-30,110.52996063232422
2021-07-01,111.4242172241211
2021-07-02,108.79793548583984
2021-07-06,106.68936920166016
2021-07-07,106.42578887939453
2021-07-08,105.68213653564453
2021-07-09,109.08031463623047
2021-07-12,109.0991439819336
2021-07-13,107.81895446777344
2021-07-14,107.48949432373047
2021-07-15,109.02384185791016
2021-07-16,107.03765106201172
2021-07-19,103.11235046386719
2021-07-20,104.46785736083984
2021-07-21,105.87983703613281
2021-07-22,103.73361206054688
2021-07-23,104.02543640136719
2021-07-26,105.17383575439453
2021-07-27,104.24193572998047
2021-07-28,106.32225036621094
2021-07-29,107.29180908203125
2021-07-30,107.22591400146484
2021-08-02,106.79290771484375
2021-08-03,109.21210479736328
2021-08-04,108.63790130615234
2021-08-05,111.39596557617188
2021-08-06,114.13522338867188
2021-08-09,112.59144592285156
2021-08-10,114.85062408447266
2021-08-11,116.8368148803711
2021-08-12,117.6745834350586
2021-08-13,115.575439453125
2021-08-16,114.35173797607422
2021-08-17,112.95856475830078
2021-08-18,111.56541442871094
2021-08-19,111.75532531738281
2021-08-20,113.6829605102539
2021-08-23,114.33817291259766
2021-08-24,112.96129608154297
2021-08-25,113.36959838867188
2021-08-26,110.65382385253906
2021-08-27,114.21472930908203
2021-08-30,111.57492065429688
2021-08-31,111.32801055908203
2021-09-01,110.85322570800781
2021-09-02,110.07457733154297
2021-09-03,108.50778198242188
2021-09-07,109.06803894042969
2021-09-08,107.6341781616211
2021-09-09,106.91250610351562
2021-09-10,106.71308898925781
2021-09-13,108.50778198242188
2021-09-14,105.77301025390625
2021-09-15,107.44426727294922
2021-09-16,106.57067108154297
2021-09-17,111.96424102783203
2021-09-20,109.27693939208984
2021-09-21,109.47634887695312
2021-09-22,111.6128921508789
2021-09-23,114.60404968261719
2021-09-24,115.13581848144531
2021-09-27,118.4403305053711
2021-09-28,116.62664031982422
2021-09-29,118.36436462402344
2021-09-30,115.80050659179688
2021-10-01,118.83914947509766
2021-10-04,118.34537506103516
2021-10-05,119.69377136230469
2021-10-06,118.0794906616211
2021-10-07,120.5293960571289
2021-10-08,120.12107849121094
2021-10-11,119.304443359375
2021-10-12,119.70326232910156
2021-10-13,118.50679779052734
2021-10-14,120.96619415283203
2021-10-15,119.88368225097656
2021-10-18,119.55133819580078
2021-10-19,119.01007080078125
2021-10-20,119.57032012939453
2021-10-21,118.79166412353516
2021-10-22,118.82015228271484
2021-10-25,120.97569274902344
2021-10-26,122.43804168701172
2021-10-27,117.57621002197266
2021-10-28,120.74779510498047
2021-10-29,122.10568237304688
2021-11-01,125.97994995117188
2021-11-02,124.19474029541016
2021-11-03,127.60372924804688
2021-11-04,126.43572998046875
2021-11-05,129.55984497070312
2021-11-08,131.06016540527344
2021-11-09,131.3165283203125
2021-11-10,132.21864318847656
2021-11-11,133.41513061523438
2021-11-12,131.6584014892578
2021-11-15,132.35157775878906
2021-11-16,132.95932006835938
2021-11-17,134.39317321777344
2021-11-18,135.01580810546875
2021-11-19,134.11538696289062
2021-11-22,136.18443298339844
2021-11-23,138.33970642089844
2021-11-24,137.01779174804688
2021-11-26,128.4254608154297
2021-11-29,128.2051239013672
2021-11-30,124.6130142211914
2021-12-01,124.45975494384766
2021-12-02,129.0576629638672
2021-12-03,126.14566802978516
2021-12-06,129.61325073242188
2021-12-07,128.21475219726562
2021-12-08,128.67453002929688
2021-12-09,127.65912628173828
2021-12-10,129.5653533935547
2021-12-13,128.43504333496094
2021-12-14,126.36595916748047
2021-12-15,127.93693542480469
2021-12-16,129.10557556152344
2021-12-17,127.73575592041016
2021-12-20,126.70125579833984
2021-12-21,130.1592559814453
2021-12-22,131.94094848632812
2021-12-23,132.35284423828125
2021-12-27,134.09622192382812
2021-12-28,133.09042358398438
2021-12-29,132.37200927734375
2021-12-30,131.3470458984375
2021-12-31,131.529052734375
2022-01-03,132.89886474609375
2022-01-04,135.23609924316406
2022-01-05,134.9678955078125
2022-01-06,138.70370483398438
2022-01-07,137.0944366455078
2022-01-10,136.19400024414062
2022-01-11,135.6096954345703
2022-01-12,133.15745544433594
2022-01-13,134.23988342285156
2022-01-14,136.18443298339844
2022-01-18,133.358642578125
2022-01-19,130.8106231689453
2022-01-20,127.87945556640625
2022-01-21,126.20313262939453
2022-01-24,130.513671875
2022-01-25,130.6573486328125
2022-01-26,130.29336547851562
2022-01-27,126.36595916748047
2022-01-28,128.0231170654297
2022-01-31,129.75694274902344
2022-02-01,129.6228485107422
2022-02-02,127.51544189453125
2022-02-03,125.67627716064453
2022-02-04,127.69744873046875
2022-02-07,127.14186096191406
2022-02-08,130.91600036621094
2022-02-09,127.0556411743164
2022-02-10,125.98281860351562
2022-02-11,126.8544921875
2022-02-14,125.7912368774414
2022-02-15,128.21475219726562
2022-02-16,127.71660614013672
2022-02-17,127.26287841796875
2022-02-18,127.74559783935547
2022-02-22,127.00221252441406
2022-02-23,125.89195251464844
2022-02-24,124.88790893554688
2022-02-25,128.61447143554688
2022-02-28,129.42543029785156
2022-03-01,124.29899597167969
2022-03-02,130.4487762451172
2022-03-03,130.81564331054688
2022-03-04,127.61041259765625
2022-03-07,125.19683837890625
2022-03-08,126.69324493408203
2022-03-09,128.08346557617188
2022-03-10,129.47369384765625
2022-03-11,132.2348175048828
2022-03-14,131.02804565429688
2022-03-15,130.26535034179688
2022-03-16,132.3217010498047
2022-03-17,131.04733276367188
2022-03-18,129.51231384277344
2022-03-21,127.48492431640625
2022-03-22,128.9137420654297
2022-03-23,125.45751190185547
2022-03-24,126.88634490966797
2022-03-25,129.52197265625
2022-03-28,129.43507385253906
2022-03-29,130.4391326904297
2022-03-30,126.81877136230469
2022-03-31,126.83808135986328
2022-04-01,126.53881072998047
2022-04-04,124.54035186767578
2022-04-05,122.28125762939453
2022-04-06,120.38900756835938
2022-04-07,118.87327575683594
2022-04-08,116.59486389160156
2022-04-11,116.2666244506836
2022-04-12,115.20465850830078
2022-04-13,116.72038269042969
2022-04-14,115.30119323730469
2022-04-18,115.73564147949219
2022-04-19,118.7477798461914
2022-04-20,120.23453521728516
2022-04-21,119.30773162841797
2022-04-22,117.7823486328125
2022-04-25,116.49832153320312
2022-04-26,113.41860961914062
2022-04-27,113.75651550292969
2022-04-28,115.31085205078125
2022-04-29,113.77581787109375
2022-05-02,114.85710144042969
2022-05-03,114.82814025878906
2022-05-04,117.3672103881836
2022-05-05,115.17568969726562
2022-05-06,114.07511138916016
2022-05-09,116.29558563232422
2022-05-10,114.51920318603516
2022-05-11,113.21586608886719
2022-05-12,114.04613494873047
2022-05-13,112.72350311279297
2022-05-16,111.49740600585938
2022-05-17,115.27223205566406
2022-05-18,112.80073547363281
2022-05-19,110.51158905029297
2022-05-20,112.16757202148438
2022-05-23,114.76841735839844
2022-05-24,115.75225830078125
2022-05-25,116.3464584350586
2022-05-26,116.94065856933594
2022-05-27,118.81092834472656
2022-05-31,120.505859375
2022-06-01,119.00574493408203
2022-06-02,120.4571533203125
2022-06-03,118.18750762939453
2022-06-06,119.6291732788086
2022-06-07,121.06109619140625
2022-06-08,119.3564224243164
2022-06-09,116.61920166015625
2022-06-10,115.3431396484375
2022-06-13,113.8917236328125
2022-06-14,116.90168762207031
2022-06-15,116.43412780761719
2022-06-16,114.23265838623047
2022-06-17,114.14498901367188
2022-06-21,115.20675659179688
2022-06-22,114.63204193115234
2022-06-23,114.35929870605469
2022-06-24,118.77196502685547
2022-06-27,118.46025085449219
2022-06-28,117.28158569335938
2022-06-29,116.94065856933594
2022-06-30,118.10958099365234
2022-07-01,117.96346282958984
2022-07-05,119.73632049560547
2022-07-06,118.60636901855469
2022-07-07,119.03497314453125
2022-07-08,118.22647094726562
2022-07-11,117.48615264892578
2022-07-12,116.95039367675781
2022-07-13,115.0411605834961
2022-07-14,114.09628295898438
2022-07-15,117.3108139038086
2022-07-18,116.70687103271484
2022-07-19,120.77860260009766
2022-07-20,121.40203094482422
2022-07-21,121.97675323486328
2022-07-22,122.1910629272461
2022-07-25,124.1197738647461
2022-07-26,123.72039031982422
2022-07-27,126.07769775390625
2022-07-28,125.85366821289062
2022-07-29,126.204345703125
2022-08-01,129.33120727539062
2022-08-02,126.80826568603516
2022-08-03,127.62652587890625
2022-08-04,126.73035430908203
2022-08-05,127.45117950439453
2022-08-08,127.95773315429688
2022-08-09,129.33120727539062
2022-08-10,130.05203247070312
2022-08-11,131.0943145751953
2022-08-12,133.87049865722656
2022-08-15,135.9745635986328
2022-08-16,135.7894744873047
2022-08-17,135.61415100097656
2022-08-18,136.52687072753906
2022-08-19,134.53457641601562
2022-08-22,132.93482971191406
2022-08-23,131.2664031982422
2022-08-24,131.03085327148438
2022-08-25,134.06349182128906
2022-08-26,132.63059997558594
2022-08-29,129.7157440185547
2022-08-30,130.78549194335938
2022-08-31,129.38206481933594
2022-09-01,130.0101776123047
2022-09-02,129.24465942382812
2022-09-06,127.10513305664062
2022-09-07,128.8226318359375
2022-09-08,129.1072540283203
2022-09-09,130.3340606689453
2022-09-12,131.76693725585938
2022-09-13,126.72238159179688
2022-09-14,126.39850616455078
2022-09-15,126.78125762939453
2022-09-16,126.57516479492188
2022-09-19,129.3133544921875
2022-09-20,130.65792846679688
2022-09-21,129.4605712890625
2022-09-22,126.4083251953125
2022-09-23,125.23060607910156
2022-09-26,125.22078704833984
2022-09-27,124.44546508789062
2022-09-28,125.60355377197266
2022-09-29,123.19904327392578
2022-09-30,122.16854858398438
2022-10-03,124.8871078491211
2022-10-04,128.90115356445312
2022-10-05,127.21309661865234
2022-10-06,126.10408020019531
2022-10-07,123.1794204711914
2022-10-10,125.14228057861328
2022-10-11,126.72238159179688
2022-10-12,127.30142974853516
2022-10-13,132.49319458007812
2022-10-14,131.7571258544922
2022-10-17,133.98497009277344
2022-10-18,133.69053649902344
2022-10-19,133.71998596191406
2022-10-20,128.78338623046875
2022-10-21,132.3557891845703
2022-10-24,135.21176147460938
2022-10-25,136.20301818847656
2022-10-26,136.4974365234375
2022-10-27,138.2051239013672
2022-10-28,143.2496795654297
2022-10-31,144.76109313964844
2022-11-01,144.7807159423828
2022-11-02,142.38601684570312
2022-11-03,140.74703979492188
2022-11-04,144.00538635253906
2022-11-07,145.71307373046875
2022-11-08,143.0828399658203
2022-11-09,140.74703979492188
2022-11-10,146.37062072753906
2022-11-11,143.06321716308594
2022-11-14,143.16134643554688
2022-11-15,145.9878692626953
2022-11-16,144.58444213867188
2022-11-17,144.10836791992188
2022-11-18,143.64222717285156
2022-11-21,145.72499084472656
2022-11-22,146.45892333984375
2022-11-23,145.6754150390625
2022-11-25,146.16139221191406
2022-11-28,144.49517822265625
2022-11-29,144.54476928710938
2022-11-30,150.0889129638672
2022-12-01,149.434326171875
2022-12-02,146.72671508789062
2022-12-05,138.2964324951172
2022-12-06,135.44996643066406
2022-12-07,136.4615936279297
2022-12-08,137.99888610839844
2022-12-09,139.20887756347656
2022-12-12,139.07994079589844
2022-12-13,140.4287872314453
2022-12-14,140.6668243408203
2022-12-15,139.67503356933594
2022-12-16,137.5228271484375
2022-12-19,137.9096221923828
2022-12-20,138.35594177246094
2022-12-21,140.68667602539062
2022-12-22,139.59568786621094
2022-12-23,141.38092041015625
2022-12-27,142.48182678222656
2022-12-28,140.02215576171875
2022-12-29,140.8651885986328
2022-12-30,139.59568786621094
2023-01-03,138.15757751464844
2023-01-04,137.959228515625
2023-01-05,138.9609375
2023-01-06,141.47018432617188
2023-01-09,138.89149475097656
2023-01-10,140.8552703857422
2023-01-11,140.09158325195312
2023-01-12,140.91477966308594
2023-01-13,140.54782104492188
2023-01-17,139.3774871826172
2023-01-18,136.61038208007812
2023-01-19,136.18389892578125
2023-01-20,135.37062072753906
2023-01-23,134.1011199951172
2023-01-24,122.99297332763672
2023-01-25,119.43241119384766
2023-01-26,120.31510925292969
2023-01-27,120.50355529785156
2023-01-30,120.37462615966797
2023-01-31,124.2228012084961
2023-02-01,124.12362670898438
2023-02-02,126.95024871826172
2023-02-03,128.64622497558594
2023-02-06,128.52720642089844
2023-02-07,128.85450744628906
2023-02-08,127.07918548583984
2023-02-09,126.86099243164062
2023-02-10,128.21975708007812
2023-02-13,128.26934814453125
2023-02-14,126.30558013916016
2023-02-15,126.9800033569336
2023-02-16,126.47000122070312
2023-02-17,128.49000549316406
2023-02-21,126.30999755859375
2023-02-22,127.19999694824219
2023-02-23,127.62999725341797
2023-02-24,127.06999969482422
2023-02-27,128.13999938964844
2023-02-28,127.7699966430664
2023-03-01,127.91000366210938
2023-03-02,127.02999877929688
2023-03-03,127.70999908447266
2023-03-06,125.94000244140625
2023-03-07,123.19000244140625
2023-03-08,124.47000122070312
2023-03-09,119.93000030517578
2023-03-10,121.16999816894531
2023-03-13,119.52999877929688
2023-03-14,120.55000305175781
2023-03-15,121.2699966430664
2023-03-16,127.2699966430664
2023-03-17,122.9000015258789
2023-03-20,121.33999633789062
2023-03-21,127.05999755859375
2023-03-22,118.91000366210938
2023-03-23,117.44999694824219
2023-03-24,122.77999877929688
2023-03-27,122.38999938964844
2023-03-28,121.02999877929688
2023-03-29,120.31999969482422
2023-03-30,116.51000213623047
2023-03-31,118.56999969482422
2023-04-03,116.79000091552734
2023-04-04,115.0
2023-04-05,114.20999908447266
2023-04-06,114.36000061035156
2023-04-10,115.0
2023-04-11,113.62999725341797
2023-04-12,111.58000183105469
2023-04-13,112.12999725341797
2023-04-14,108.87999725341797
2023-04-17,110.72000122070312
2023-04-18,106.70999908447266
2023-04-19,109.62000274658203
2023-04-20,109.76000213623047
2023-04-21,109.18000030517578
2023-04-24,110.72000122070312
2023-04-25,105.87999725341797
2023-04-26,104.91999816894531
2023-04-27,107.19999694824219
2023-04-28,108.31999969482422
2023-05-01,108.9800033569336
2023-05-02,100.62999725341797
2023-05-03,103.19999694824219
2023-05-04,100.3499984741211
2023-05-05,105.70999908447266
2023-05-08,102.41000366210938
2023-05-09,102.06999969482422
2023-05-10,102.4000015258789
2023-05-11,101.19000244140625
